Age,Family_Size,Fare,Parch,Pclass,Sex,SibSp,Survived,Embarked_C,Embarked_Q,Embarked_S,Title_Dr,Title_Master,Title_Miss,Title_Mr,Title_Mrs,Title_Rev
22.0,1,7.25,0,3,1,1,0.0,False,False,True,False,False,False,True,False,False
38.0,1,71.2833,0,1,0,1,1.0,True,False,False,False,False,False,False,True,False
26.0,0,7.925,0,3,0,0,1.0,False,False,True,False,False,True,False,False,False
35.0,1,53.1,0,1,0,1,1.0,False,False,True,False,False,False,False,True,False
35.0,0,8.05,0,3,1,0,0.0,False,False,True,False,False,False,True,False,False
30.0,0,8.4583,0,3,1,0,0.0,False,True,False,False,False,False,True,False,False
54.0,0,51.8625,0,1,1,0,0.0,False,False,True,False,False,False,True,False,False
2.0,4,21.075,1,3,1,3,0.0,False,False,True,False,True,False,False,False,False
27.0,2,11.1333,2,3,0,0,1.0,False,False,True,False,False,False,False,True,False
14.0,1,30.0708,0,2,0,1,1.0,True,False,False,False,False,False,False,True,False
4.0,2,16.7,1,3,0,1,1.0,False,False,True,False,False,True,False,False,False
58.0,0,26.55,0,1,0,0,1.0,False,False,True,False,False,True,False,False,False
20.0,0,8.05,0,3,1,0,0.0,False,False,True,False,False,False,True,False,False
39.0,6,31.275,5,3,1,1,0.0,False,False,True,False,False,False,True,False,False
14.0,0,7.8542,0,3,0,0,0.0,False,False,True,False,False,True,False,False,False
55.0,0,16.0,0,2,0,0,1.0,False,False,True,False,False,False,False,True,False
2.0,5,29.125,1,3,1,4,0.0,False,True,False,False,True,False,False,False,False
30.0,0,13.0,0,2,1,0,1.0,False,False,True,False,False,False,True,False,False
31.0,1,18.0,0,3,0,1,0.0,False,False,True,False,False,False,False,True,False
35.5,0,7.225,0,3,0,0,1.0,True,False,False,False,False,False,False,True,False
35.0,0,26.0,0,2,1,0,0.0,False,False,True,False,False,False,True,False,False
34.0,0,13.0,0,2,1,0,1.0,False,False,True,False,False,False,True,False,False
15.0,0,8.0292,0,3,0,0,1.0,False,True,False,False,False,True,False,False,False
28.0,0,35.5,0,1,1,0,1.0,False,False,True,False,False,False,True,False,False
8.0,4,21.075,1,3,0,3,0.0,False,False,True,False,False,True,False,False,False
38.0,6,31.3875,5,3,0,1,1.0,False,False,True,False,False,False,False,True,False
30.0,0,7.225,0,3,1,0,0.0,True,False,False,False,False,False,True,False,False
19.0,5,263.0,2,1,1,3,0.0,False,False,True,False,False,False,True,False,False
22.0,0,7.8792,0,3,0,0,1.0,False,True,False,False,False,True,False,False,False
30.0,0,7.8958,0,3,1,0,0.0,False,False,True,False,False,False,True,False,False
40.0,0,27.7208,0,1,1,0,0.0,True,False,False,False,False,False,True,False,False
35.5,1,146.5208,0,1,0,1,1.0,True,False,False,False,False,False,False,True,False
22.0,0,7.75,0,3,0,0,1.0,False,True,False,False,False,True,False,False,False
66.0,0,10.5,0,2,1,0,0.0,False,False,True,False,False,False,True,False,False
28.0,1,82.1708,0,1,1,1,0.0,True,False,False,False,False,False,True,False,False
42.0,1,52.0,0,1,1,1,0.0,False,False,True,False,False,False,True,False,False
30.0,0,7.2292,0,3,1,0,1.0,True,False,False,False,False,False,True,False,False
21.0,0,8.05,0,3,1,0,0.0,False,False,True,False,False,False,True,False,False
18.0,2,18.0,0,3,0,2,0.0,False,False,True,False,False,True,False,False,False
14.0,1,11.2417,0,3,0,1,1.0,True,False,False,False,False,True,False,False,False
40.0,1,9.475,0,3,0,1,0.0,False,False,True,False,False,False,False,True,False
27.0,1,21.0,0,2,0,1,0.0,False,False,True,False,False,False,False,True,False
30.0,0,7.8958,0,3,1,0,0.0,True,False,False,False,False,False,True,False,False
3.0,3,41.5792,2,2,0,1,1.0,True,False,False,False,False,True,False,False,False
19.0,0,7.8792,0,3,0,0,1.0,False,True,False,False,False,True,False,False,False
30.0,0,8.05,0,3,1,0,0.0,False,False,True,False,False,False,True,False,False
30.0,1,15.5,0,3,1,1,0.0,False,True,False,False,False,False,True,False,False
22.0,0,7.75,0,3,0,0,1.0,False,True,False,False,False,True,False,False,False
30.0,2,21.6792,0,3,1,2,0.0,True,False,False,False,False,False,True,False,False
18.0,1,17.8,0,3,0,1,0.0,False,False,True,False,False,False,False,True,False
7.0,5,39.6875,1,3,1,4,0.0,False,False,True,False,True,False,False,False,False
21.0,0,7.8,0,3,1,0,0.0,False,False,True,False,False,False,True,False,False
49.0,1,76.7292,0,1,0,1,1.0,True,False,False,False,False,False,False,True,False
29.0,1,26.0,0,2,0,1,1.0,False,False,True,False,False,False,False,True,False
65.0,1,61.9792,1,1,1,0,0.0,True,False,False,False,False,False,True,False,False
30.0,0,35.5,0,1,1,0,1.0,False,False,True,False,False,False,True,False,False
21.0,0,10.5,0,2,0,0,1.0,False,False,True,False,False,True,False,False,False
28.5,0,7.2292,0,3,1,0,0.0,True,False,False,False,False,False,True,False,False
5.0,3,27.75,2,2,0,1,1.0,False,False,True,False,False,True,False,False,False
11.0,7,46.9,2,3,1,5,0.0,False,False,True,False,True,False,False,False,False
22.0,0,7.2292,0,3,1,0,0.0,True,False,False,False,False,False,True,False,False
38.0,0,80.0,0,1,0,0,1.0,False,False,True,False,False,True,False,False,False
45.0,1,83.475,0,1,1,1,0.0,False,False,True,False,False,False,True,False,False
4.0,5,27.9,2,3,1,3,0.0,False,False,True,False,True,False,False,False,False
30.0,0,27.7208,0,1,1,0,0.0,True,False,False,False,False,False,True,False,False
4.0,2,15.2458,1,3,1,1,1.0,True,False,False,False,True,False,False,False,False
29.0,0,10.5,0,2,0,0,1.0,False,False,True,False,False,False,False,True,False
19.0,0,8.1583,0,3,1,0,0.0,False,False,True,False,False,False,True,False,False
17.0,6,7.925,2,3,0,4,1.0,False,False,True,False,False,True,False,False,False
26.0,2,8.6625,0,3,1,2,0.0,False,False,True,False,False,False,True,False,False
32.0,0,10.5,0,2,1,0,0.0,False,False,True,False,False,False,True,False,False
16.0,7,46.9,2,3,0,5,0.0,False,False,True,False,False,True,False,False,False
21.0,0,73.5,0,2,1,0,0.0,False,False,True,False,False,False,True,False,False
26.0,1,14.4542,0,3,1,1,0.0,True,False,False,False,False,False,True,False,False
32.0,0,56.4958,0,3,1,0,1.0,False,False,True,False,False,False,True,False,False
25.0,0,7.65,0,3,1,0,0.0,False,False,True,False,False,False,True,False,False
30.0,0,7.8958,0,3,1,0,0.0,False,False,True,False,False,False,True,False,False
30.0,0,8.05,0,3,1,0,0.0,False,False,True,False,False,False,True,False,False
0.83,2,29.0,2,2,1,0,1.0,False,False,True,False,True,False,False,False,False
30.0,0,12.475,0,3,0,0,1.0,False,False,True,False,False,True,False,False,False
22.0,0,9.0,0,3,1,0,0.0,False,False,True,False,False,False,True,False,False
29.0,0,9.5,0,3,1,0,1.0,False,False,True,False,False,False,True,False,False
22.0,0,7.7875,0,3,0,0,1.0,False,True,False,False,False,True,False,False,False
28.0,0,47.1,0,1,1,0,0.0,False,False,True,False,False,False,True,False,False
17.0,0,10.5,0,2,0,0,1.0,False,False,True,False,False,True,False,False,False
33.0,3,15.85,0,3,0,3,1.0,False,False,True,False,False,False,False,True,False
16.0,4,34.375,3,3,1,1,0.0,False,False,True,False,False,False,True,False,False
30.0,0,8.05,0,3,1,0,0.0,False,False,True,False,False,False,True,False,False
23.0,5,263.0,2,1,0,3,1.0,False,False,True,False,False,True,False,False,False
24.0,0,8.05,0,3,1,0,0.0,False,False,True,False,False,False,True,False,False
29.0,0,8.05,0,3,1,0,0.0,False,False,True,False,False,False,True,False,False
20.0,0,7.8542,0,3,1,0,0.0,False,False,True,False,False,False,True,False,False
46.0,1,61.175,0,1,1,1,0.0,False,False,True,False,False,False,True,False,False
26.0,3,20.575,2,3,1,1,0.0,False,False,True,False,False,False,True,False,False
59.0,0,7.25,0,3,1,0,0.0,False,False,True,False,False,False,True,False,False
30.0,0,8.05,0,3,1,0,0.0,False,False,True,False,False,False,True,False,False
71.0,0,34.6542,0,1,1,0,0.0,True,False,False,False,False,False,True,False,False
23.0,1,63.3583,1,1,1,0,1.0,True,False,False,False,False,False,True,False,False
34.0,1,23.0,1,2,0,0,1.0,False,False,True,False,False,False,False,True,False
34.0,1,26.0,0,2,1,1,0.0,False,False,True,False,False,False,True,False,False
28.0,0,7.8958,0,3,0,0,0.0,False,False,True,False,False,True,False,False,False
30.0,0,7.8958,0,3,1,0,0.0,False,False,True,False,False,False,True,False,False
21.0,1,77.2875,1,1,1,0,0.0,False,False,True,False,False,False,True,False,False
33.0,0,8.6542,0,3,1,0,0.0,False,False,True,False,False,False,True,False,False
37.0,2,7.925,0,3,1,2,0.0,False,False,True,False,False,False,True,False,False
28.0,0,7.8958,0,3,1,0,0.0,False,False,True,False,False,False,True,False,False
21.0,0,7.65,0,3,0,0,1.0,False,False,True,False,False,True,False,False,False
30.0,0,7.775,0,3,1,0,1.0,False,False,True,False,False,False,True,False,False
38.0,0,7.8958,0,3,1,0,0.0,False,False,True,False,False,False,True,False,False
22.0,1,24.15,0,3,0,1,1.0,False,True,False,False,False,True,False,False,False
47.0,0,52.0,0,1,1,0,0.0,False,False,True,False,False,False,True,False,False
14.5,1,14.4542,0,3,0,1,0.0,True,False,False,False,False,True,False,False,False
22.0,0,8.05,0,3,1,0,0.0,False,False,True,False,False,False,True,False,False
20.0,1,9.825,0,3,0,1,0.0,False,False,True,False,False,True,False,False,False
17.0,0,14.4583,0,3,0,0,0.0,True,False,False,False,False,True,False,False,False
21.0,0,7.925,0,3,1,0,0.0,False,False,True,False,False,False,True,False,False
70.5,0,7.75,0,3,1,0,0.0,False,True,False,False,False,False,True,False,False
29.0,1,21.0,0,2,1,1,0.0,False,False,True,False,False,False,True,False,False
24.0,1,247.5208,1,1,1,0,0.0,True,False,False,False,False,False,True,False,False
2.0,6,31.275,2,3,0,4,0.0,False,False,True,False,False,True,False,False,False
21.0,2,73.5,0,2,1,2,0.0,False,False,True,False,False,False,True,False,False
30.0,0,8.05,0,3,1,0,0.0,False,False,True,False,False,False,True,False,False
32.5,1,30.0708,0,2,1,1,0.0,True,False,False,False,False,False,True,False,False
32.5,0,13.0,0,2,0,0,1.0,False,False,True,False,False,True,False,False,False
54.0,1,77.2875,1,1,1,0,0.0,False,False,True,False,False,False,True,False,False
12.0,1,11.2417,0,3,1,1,1.0,True,False,False,False,True,False,False,False,False
30.0,0,7.75,0,3,1,0,0.0,False,True,False,False,False,False,True,False,False
24.0,0,7.1417,0,3,1,0,1.0,False,False,True,False,False,False,True,False,False
22.0,2,22.3583,1,3,0,1,1.0,True,False,False,False,False,True,False,False,False
45.0,0,6.975,0,3,1,0,0.0,False,False,True,False,False,False,True,False,False
33.0,0,7.8958,0,3,1,0,0.0,True,False,False,False,False,False,True,False,False
20.0,0,7.05,0,3,1,0,0.0,False,False,True,False,False,False,True,False,False
47.0,1,14.5,0,3,0,1,0.0,False,False,True,False,False,False,False,True,False
29.0,1,26.0,0,2,0,1,1.0,False,False,True,False,False,False,False,True,False
25.0,0,13.0,0,2,1,0,0.0,False,False,True,False,False,False,True,False,False
23.0,0,15.0458,0,2,1,0,0.0,True,False,False,False,False,False,True,False,False
19.0,2,26.2833,2,1,0,0,1.0,False,False,True,False,False,True,False,False,False
37.0,1,53.1,0,1,1,1,0.0,False,False,True,False,False,False,True,False,False
16.0,0,9.2167,0,3,1,0,0.0,False,False,True,False,False,False,True,False,False
24.0,0,79.2,0,1,1,0,0.0,True,False,False,False,False,False,True,False,False
35.5,2,15.2458,2,3,0,0,0.0,True,False,False,False,False,False,False,True,False
22.0,0,7.75,0,3,0,0,1.0,False,False,True,False,False,True,False,False,False
24.0,1,15.85,0,3,0,1,1.0,False,False,True,False,False,False,False,True,False
19.0,0,6.75,0,3,1,0,0.0,False,True,False,False,False,False,True,False,False
18.0,0,11.5,0,2,1,0,0.0,False,False,True,False,False,False,True,False,False
19.0,2,36.75,1,2,1,1,0.0,False,False,True,False,False,False,True,False,False
27.0,0,7.7958,0,3,1,0,1.0,False,False,True,False,False,False,True,False,False
9.0,4,34.375,2,3,0,2,0.0,False,False,True,False,False,True,False,False,False
36.5,2,26.0,2,2,1,0,0.0,False,False,True,False,False,False,True,False,False
42.0,0,13.0,0,2,1,0,0.0,False,False,True,False,False,False,False,False,True
51.0,0,12.525,0,2,1,0,0.0,False,False,True,False,False,False,False,False,True
22.0,1,66.6,0,1,0,1,1.0,False,False,True,False,False,False,False,True,False
55.5,0,8.05,0,3,1,0,0.0,False,False,True,False,False,False,True,False,False
40.5,2,14.5,2,3,1,0,0.0,False,False,True,False,False,False,True,False,False
30.0,0,7.3125,0,3,1,0,0.0,False,False,True,False,False,False,True,False,False
51.0,1,61.3792,1,1,1,0,0.0,True,False,False,False,False,False,True,False,False
16.0,0,7.7333,0,3,0,0,1.0,False,True,False,False,False,True,False,False,False
30.0,0,8.05,0,3,1,0,0.0,False,False,True,False,False,False,True,False,False
30.0,0,8.6625,0,3,1,0,0.0,False,False,True,False,False,False,True,False,False
4.0,10,69.55,2,3,1,8,0.0,False,False,True,False,True,False,False,False,False
44.0,1,16.1,1,3,1,0,0.0,False,False,True,False,False,False,True,False,False
40.0,0,15.75,0,2,0,0,1.0,False,False,True,False,False,False,False,True,False
26.0,0,7.775,0,3,1,0,0.0,False,False,True,False,False,False,True,False,False
17.0,0,8.6625,0,3,1,0,0.0,False,False,True,False,False,False,True,False,False
1.0,5,39.6875,1,3,1,4,0.0,False,False,True,False,True,False,False,False,False
9.0,2,20.525,2,3,1,0,1.0,False,False,True,False,True,False,False,False,False
35.5,1,55.0,1,1,0,0,1.0,False,False,True,False,False,False,False,True,False
45.0,5,27.9,4,3,0,1,0.0,False,False,True,False,False,False,False,True,False
30.0,0,25.925,0,1,1,0,0.0,False,False,True,False,False,False,True,False,False
28.0,0,56.4958,0,3,1,0,0.0,False,False,True,False,False,False,True,False,False
61.0,0,33.5,0,1,1,0,0.0,False,False,True,False,False,False,True,False,False
4.0,5,29.125,1,3,1,4,0.0,False,True,False,False,True,False,False,False,False
1.0,2,11.1333,1,3,0,1,1.0,False,False,True,False,False,True,False,False,False
21.0,0,7.925,0,3,1,0,0.0,False,False,True,False,False,False,True,False,False
56.0,0,30.6958,0,1,1,0,0.0,True,False,False,False,False,False,True,False,False
18.0,2,7.8542,1,3,1,1,0.0,False,False,True,False,False,False,True,False,False
4.0,4,25.4667,1,3,1,3,0.0,False,False,True,False,True,False,False,False,False
50.0,0,28.7125,0,1,0,0,0.0,True,False,False,False,False,True,False,False,False
30.0,0,13.0,0,2,1,0,0.0,False,False,True,False,False,False,True,False,False
36.0,0,0.0,0,3,1,0,0.0,False,False,True,False,False,False,True,False,False
22.0,10,69.55,2,3,0,8,0.0,False,False,True,False,False,True,False,False,False
30.0,0,15.05,0,2,1,0,0.0,True,False,False,False,False,False,True,False,False
9.0,6,31.3875,2,3,1,4,0.0,False,False,True,False,True,False,False,False,False
1.0,3,39.0,1,2,1,2,1.0,False,False,True,False,True,False,False,False,False
4.0,2,22.025,2,3,0,0,1.0,False,False,True,False,False,True,False,False,False
30.0,0,50.0,0,1,1,0,0.0,False,False,True,False,False,False,True,False,False
35.5,1,15.5,0,3,0,1,1.0,False,True,False,False,False,False,False,True,False
45.0,0,26.55,0,1,1,0,1.0,False,False,True,False,False,False,True,False,False
40.0,2,15.5,1,3,1,1,0.0,False,True,False,False,False,False,True,False,False
36.0,0,7.8958,0,3,1,0,0.0,False,False,True,False,False,False,True,False,False
32.0,0,13.0,0,2,0,0,1.0,False,False,True,False,False,False,False,True,False
19.0,0,13.0,0,2,1,0,0.0,False,False,True,False,False,False,True,False,False
19.0,1,7.8542,0,3,0,1,1.0,False,False,True,False,False,True,False,False,False
3.0,2,26.0,1,2,1,1,1.0,False,False,True,False,True,False,False,False,False
44.0,0,27.7208,0,1,0,0,1.0,True,False,False,False,False,False,False,True,False
58.0,0,146.5208,0,1,0,0,1.0,True,False,False,False,False,True,False,False,False
30.0,0,7.75,0,3,1,0,0.0,False,True,False,False,False,False,True,False,False
42.0,1,8.4042,1,3,1,0,0.0,False,False,True,False,False,False,True,False,False
22.0,0,7.75,0,3,0,0,1.0,False,True,False,False,False,True,False,False,False
24.0,0,13.0,0,2,0,0,0.0,False,False,True,False,False,True,False,False,False
28.0,0,9.5,0,3,1,0,0.0,False,False,True,False,False,False,True,False,False
30.0,10,69.55,2,3,1,8,0.0,False,False,True,False,False,False,True,False,False
34.0,0,6.4958,0,3,1,0,0.0,False,False,True,False,False,False,True,False,False
45.5,0,7.225,0,3,1,0,0.0,True,False,False,False,False,False,True,False,False
18.0,0,8.05,0,3,1,0,1.0,False,False,True,False,False,False,True,False,False
2.0,1,10.4625,1,3,0,0,0.0,False,False,True,False,False,True,False,False,False
32.0,1,15.85,0,3,1,1,0.0,False,False,True,False,False,False,True,False,False
26.0,0,18.7875,0,3,1,0,1.0,True,False,False,False,False,False,True,False,False
16.0,0,7.75,0,3,0,0,1.0,False,True,False,False,False,True,False,False,False
40.0,0,31.0,0,1,1,0,1.0,True,False,False,False,False,False,True,False,False
24.0,0,7.05,0,3,1,0,0.0,False,False,True,False,False,False,True,False,False
35.0,0,21.0,0,2,0,0,1.0,False,False,True,False,False,True,False,False,False
22.0,0,7.25,0,3,1,0,0.0,False,False,True,False,False,False,True,False,False
30.0,0,13.0,0,2,1,0,0.0,False,False,True,False,False,False,True,False,False
30.0,1,7.75,0,3,1,1,0.0,False,True,False,False,False,False,True,False,False
31.0,1,113.275,0,1,0,1,1.0,True,False,False,False,False,True,False,False,False
27.0,0,7.925,0,3,0,0,1.0,False,False,True,False,False,True,False,False,False
42.0,1,27.0,0,2,1,1,0.0,False,False,True,False,False,False,True,False,False
32.0,0,76.2917,0,1,0,0,1.0,True,False,False,False,False,True,False,False,False
30.0,0,10.5,0,2,1,0,0.0,False,False,True,False,False,False,True,False,False
16.0,0,8.05,0,3,1,0,1.0,False,False,True,False,False,False,True,False,False
27.0,0,13.0,0,2,1,0,0.0,False,False,True,False,False,False,True,False,False
51.0,0,8.05,0,3,1,0,0.0,False,False,True,False,False,False,True,False,False
30.0,0,7.8958,0,3,1,0,0.0,False,False,True,False,False,False,True,False,False
38.0,1,90.0,0,1,1,1,1.0,False,False,True,False,False,False,True,False,False
22.0,0,9.35,0,3,1,0,0.0,False,False,True,False,False,False,True,False,False
19.0,0,10.5,0,2,1,0,1.0,False,False,True,False,False,False,True,False,False
20.5,0,7.25,0,3,1,0,0.0,False,False,True,False,False,False,True,False,False
18.0,0,13.0,0,2,1,0,0.0,False,False,True,False,False,False,True,False,False
22.0,4,25.4667,1,3,0,3,0.0,False,False,True,False,False,True,False,False,False
35.0,1,83.475,0,1,0,1,1.0,False,False,True,False,False,False,False,True,False
29.0,0,7.775,0,3,1,0,0.0,False,False,True,False,False,False,True,False,False
59.0,0,13.5,0,2,1,0,0.0,False,False,True,False,False,False,True,False,False
5.0,6,31.3875,2,3,0,4,1.0,False,False,True,False,False,True,False,False,False
24.0,0,10.5,0,2,1,0,0.0,False,False,True,False,False,False,True,False,False
22.0,0,7.55,0,3,0,0,0.0,False,False,True,False,False,True,False,False,False
44.0,1,26.0,0,2,1,1,0.0,False,False,True,False,False,False,True,False,False
8.0,2,26.25,2,2,0,0,1.0,False,False,True,False,False,True,False,False,False
19.0,0,10.5,0,2,1,0,0.0,False,False,True,False,False,False,True,False,False
33.0,0,12.275,0,2,1,0,0.0,False,False,True,False,False,False,True,False,False
22.0,1,14.4542,0,3,0,1,0.0,True,False,False,False,False,True,False,False,False
22.0,1,15.5,0,3,0,1,1.0,False,True,False,False,False,True,False,False,False
29.0,0,10.5,0,2,1,0,0.0,False,False,True,False,False,False,True,False,False
22.0,0,7.125,0,3,1,0,0.0,False,False,True,False,False,False,True,False,False
30.0,0,7.225,0,3,1,0,0.0,True,False,False,False,False,False,True,False,False
44.0,2,90.0,0,1,1,2,0.0,False,True,False,True,False,False,False,False,False
25.0,0,7.775,0,3,0,0,0.0,False,False,True,False,False,True,False,False,False
24.0,2,14.5,2,2,0,0,1.0,False,False,True,False,False,False,False,True,False
37.0,2,52.5542,1,1,1,1,1.0,False,False,True,False,False,False,True,False,False
54.0,1,26.0,0,2,1,1,0.0,False,False,True,False,False,False,False,False,True
30.0,0,7.25,0,3,1,0,0.0,False,False,True,False,False,False,True,False,False
29.0,2,10.4625,1,3,0,1,0.0,False,False,True,False,False,False,False,True,False
62.0,0,26.55,0,1,1,0,0.0,False,False,True,False,False,False,True,False,False
30.0,1,16.1,0,3,1,1,0.0,False,False,True,False,False,False,True,False,False
41.0,2,20.2125,2,3,0,0,0.0,False,False,True,False,False,False,False,True,False
29.0,2,15.2458,2,3,0,0,1.0,True,False,False,False,False,False,False,True,False
35.5,0,79.2,0,1,0,0,1.0,True,False,False,False,False,False,False,True,False
30.0,0,86.5,0,1,0,0,1.0,False,False,True,False,False,True,False,False,False
35.0,0,512.3292,0,1,0,0,1.0,True,False,False,False,False,True,False,False,False
50.0,1,26.0,1,2,0,0,1.0,False,False,True,False,False,False,False,True,False
30.0,0,7.75,0,3,1,0,0.0,False,True,False,False,False,False,True,False,False
3.0,6,31.3875,2,3,1,4,1.0,False,False,True,False,True,False,False,False,False
52.0,2,79.65,1,1,1,1,0.0,False,False,True,False,False,False,True,False,False
40.0,0,0.0,0,1,1,0,0.0,False,False,True,False,False,False,True,False,False
22.0,0,7.75,0,3,0,0,0.0,False,True,False,False,False,True,False,False,False
36.0,0,10.5,0,2,1,0,0.0,False,False,True,False,False,False,True,False,False
16.0,5,39.6875,1,3,1,4,0.0,False,False,True,False,False,False,True,False,False
25.0,1,7.775,0,3,1,1,1.0,False,False,True,False,False,False,True,False,False
58.0,1,153.4625,1,1,0,0,1.0,False,False,True,False,False,False,False,True,False
35.0,0,135.6333,0,1,0,0,1.0,False,False,True,False,False,True,False,False,False
30.0,0,31.0,0,1,1,0,0.0,False,False,True,False,False,False,True,False,False
25.0,0,0.0,0,3,1,0,1.0,False,False,True,False,False,False,True,False,False
41.0,1,19.5,1,2,0,0,1.0,False,False,True,False,False,False,False,True,False
37.0,1,29.7,1,1,1,0,0.0,True,False,False,False,False,False,True,False,False
22.0,0,7.75,0,3,0,0,1.0,False,True,False,False,False,True,False,False,False
63.0,1,77.9583,0,1,0,1,1.0,False,False,True,False,False,True,False,False,False
45.0,0,7.75,0,3,0,0,0.0,False,False,True,False,False,True,False,False,False
30.0,0,0.0,0,2,1,0,0.0,False,False,True,False,False,False,True,False,False
7.0,5,29.125,1,3,1,4,0.0,False,True,False,False,True,False,False,False,False
35.0,2,20.25,1,3,0,1,1.0,False,False,True,False,False,False,False,True,False
65.0,0,7.75,0,3,1,0,0.0,False,True,False,False,False,False,True,False,False
28.0,0,7.8542,0,3,1,0,0.0,False,False,True,False,False,False,True,False,False
16.0,0,9.5,0,3,1,0,0.0,False,False,True,False,False,False,True,False,False
19.0,0,8.05,0,3,1,0,1.0,False,False,True,False,False,False,True,False,False
30.0,0,26.0,0,1,1,0,0.0,False,False,True,False,False,False,True,False,False
33.0,0,8.6625,0,3,1,0,0.0,True,False,False,False,False,False,True,False,False
30.0,0,9.5,0,3,1,0,1.0,False,False,True,False,False,False,True,False,False
22.0,0,7.8958,0,3,1,0,0.0,False,False,True,False,False,False,True,False,False
42.0,0,13.0,0,2,1,0,1.0,False,False,True,False,False,False,True,False,False
22.0,0,7.75,0,3,0,0,1.0,False,True,False,False,False,True,False,False,False
26.0,0,78.85,0,1,0,0,1.0,False,False,True,False,False,True,False,False,False
19.0,1,91.0792,0,1,0,1,1.0,True,False,False,False,False,False,False,True,False
36.0,0,12.875,0,2,1,0,0.0,True,False,False,False,False,False,True,False,False
24.0,0,8.85,0,3,0,0,0.0,False,False,True,False,False,True,False,False,False
24.0,0,7.8958,0,3,1,0,0.0,False,False,True,False,False,False,True,False,False
30.0,0,27.7208,0,1,1,0,0.0,True,False,False,False,False,False,True,False,False
23.5,0,7.2292,0,3,1,0,0.0,True,False,False,False,False,False,True,False,False
2.0,3,151.55,2,1,0,1,0.0,False,False,True,False,False,True,False,False,False
30.0,0,30.5,0,1,1,0,1.0,False,False,True,False,False,False,True,False,False
50.0,1,247.5208,1,1,0,0,1.0,True,False,False,False,False,False,False,True,False
22.0,0,7.75,0,3,0,0,1.0,False,True,False,False,False,True,False,False,False
30.0,2,23.25,0,3,1,2,1.0,False,True,False,False,False,False,True,False,False
19.0,0,0.0,0,3,1,0,0.0,False,False,True,False,False,False,True,False,False
22.0,0,12.35,0,2,0,0,1.0,False,True,False,False,False,True,False,False,False
30.0,0,8.05,0,3,1,0,0.0,False,False,True,False,False,False,True,False,False
0.92,3,151.55,2,1,1,1,1.0,False,False,True,False,True,False,False,False,False
22.0,0,110.8833,0,1,0,0,1.0,True,False,False,False,False,True,False,False,False
17.0,1,108.9,0,1,0,1,1.0,True,False,False,False,False,False,False,True,False
30.0,1,24.0,0,2,1,1,0.0,True,False,False,False,False,False,True,False,False
30.0,0,56.9292,0,1,0,0,1.0,True,False,False,False,False,True,False,False,False
24.0,0,83.1583,0,1,0,0,1.0,True,False,False,False,False,True,False,False,False
18.0,4,262.375,2,1,0,2,1.0,True,False,False,False,False,True,False,False,False
26.0,2,26.0,1,2,0,1,0.0,False,False,True,False,False,False,False,True,False
28.0,0,7.8958,0,3,1,0,0.0,False,False,True,False,False,False,True,False,False
43.0,2,26.25,1,2,1,1,0.0,False,False,True,False,False,False,True,False,False
26.0,0,7.8542,0,3,0,0,1.0,False,False,True,False,False,True,False,False,False
24.0,1,26.0,0,2,0,1,1.0,False,False,True,False,False,False,False,True,False
54.0,0,14.0,0,2,1,0,0.0,False,False,True,True,False,False,False,False,False
31.0,2,164.8667,2,1,0,0,1.0,False,False,True,False,False,True,False,False,False
40.0,2,134.5,1,1,0,1,1.0,True,False,False,False,False,False,False,True,False
22.0,0,7.25,0,3,1,0,0.0,False,False,True,False,False,False,True,False,False
27.0,0,7.8958,0,3,1,0,0.0,False,False,True,False,False,False,True,False,False
30.0,0,12.35,0,2,0,0,1.0,False,True,False,False,False,True,False,False,False
22.0,2,29.0,1,2,0,1,1.0,False,False,True,False,False,False,False,True,False
30.0,10,69.55,2,3,1,8,0.0,False,False,True,False,False,False,True,False,False
36.0,0,135.6333,0,1,0,0,1.0,True,False,False,False,False,True,False,False,False
61.0,0,6.2375,0,3,1,0,0.0,False,False,True,False,False,False,True,False,False
36.0,0,13.0,0,2,0,0,1.0,False,False,True,False,False,False,False,True,False
31.0,2,20.525,1,3,0,1,1.0,False,False,True,False,False,False,False,True,False
16.0,1,57.9792,1,1,0,0,1.0,True,False,False,False,False,True,False,False,False
22.0,2,23.25,0,3,0,2,1.0,False,True,False,False,False,True,False,False,False
45.5,0,28.5,0,1,1,0,0.0,False,False,True,False,False,False,True,False,False
38.0,1,153.4625,1,1,1,0,0.0,False,False,True,False,False,False,True,False,False
16.0,2,18.0,0,3,1,2,0.0,False,False,True,False,False,False,True,False,False
35.5,1,133.65,0,1,0,1,1.0,False,False,True,False,False,False,False,True,False
30.0,0,7.8958,0,3,1,0,0.0,False,False,True,False,False,False,True,False,False
29.0,1,66.6,0,1,1,1,0.0,False,False,True,False,False,False,True,False,False
41.0,0,134.5,0,1,0,0,1.0,True,False,False,False,False,True,False,False,False
45.0,0,8.05,0,3,1,0,1.0,False,False,True,False,False,False,True,False,False
45.0,0,35.5,0,1,1,0,0.0,False,False,True,False,False,False,True,False,False
2.0,2,26.0,1,2,1,1,1.0,False,False,True,False,True,False,False,False,False
24.0,5,263.0,2,1,0,3,1.0,False,False,True,False,False,True,False,False,False
28.0,0,13.0,0,2,1,0,0.0,False,False,True,False,False,False,True,False,False
25.0,0,13.0,0,2,1,0,0.0,False,False,True,False,False,False,True,False,False
36.0,0,13.0,0,2,1,0,0.0,False,False,True,False,False,False,True,False,False
24.0,0,13.0,0,2,0,0,1.0,False,False,True,False,False,True,False,False,False
40.0,0,13.0,0,2,0,0,1.0,False,False,True,False,False,True,False,False,False
35.5,1,16.1,0,3,0,1,1.0,False,False,True,False,False,False,False,True,False
3.0,2,15.9,1,3,1,1,1.0,False,False,True,False,True,False,False,False,False
42.0,0,8.6625,0,3,1,0,0.0,False,False,True,False,False,False,True,False,False
23.0,0,9.225,0,3,1,0,0.0,False,False,True,False,False,False,True,False,False
30.0,0,35.0,0,1,1,0,0.0,False,False,True,False,False,False,True,False,False
15.0,2,7.2292,1,3,1,1,0.0,True,False,False,False,False,False,True,False,False
25.0,1,17.8,0,3,1,1,0.0,False,False,True,False,False,False,True,False,False
30.0,0,7.225,0,3,1,0,0.0,True,False,False,False,False,False,True,False,False
28.0,0,9.5,0,3,1,0,0.0,False,False,True,False,False,False,True,False,False
22.0,1,55.0,1,1,0,0,1.0,False,False,True,False,False,True,False,False,False
38.0,0,13.0,0,2,0,0,0.0,False,False,True,False,False,True,False,False,False
22.0,0,7.8792,0,3,0,0,1.0,False,True,False,False,False,True,False,False,False
22.0,0,7.8792,0,3,0,0,1.0,False,True,False,False,False,True,False,False,False
40.0,5,27.9,4,3,1,1,0.0,False,False,True,False,False,False,True,False,False
29.0,1,27.7208,0,2,1,1,0.0,True,False,False,False,False,False,True,False,False
45.0,1,14.4542,1,3,0,0,0.0,True,False,False,False,False,False,False,True,False
35.0,0,7.05,0,3,1,0,0.0,False,False,True,False,False,False,True,False,False
30.0,1,15.5,0,3,1,1,0.0,False,True,False,False,False,False,True,False,False
30.0,0,7.25,0,3,1,0,0.0,False,False,True,False,False,False,True,False,False
60.0,1,75.25,0,1,0,1,1.0,True,False,False,False,False,False,False,True,False
35.5,0,7.2292,0,3,0,0,1.0,True,False,False,False,False,False,False,True,False
22.0,0,7.75,0,3,0,0,1.0,False,True,False,False,False,True,False,False,False
24.0,0,69.3,0,1,0,0,1.0,True,False,False,False,False,False,False,True,False
25.0,1,55.4417,0,1,1,1,1.0,True,False,False,False,False,False,True,False,False
18.0,1,6.4958,0,3,1,1,0.0,False,False,True,False,False,False,True,False,False
19.0,0,8.05,0,3,1,0,0.0,False,False,True,False,False,False,True,False,False
22.0,0,135.6333,0,1,1,0,0.0,True,False,False,False,False,False,True,False,False
3.0,4,21.075,1,3,0,3,0.0,False,False,True,False,False,True,False,False,False
35.5,1,82.1708,0,1,0,1,1.0,True,False,False,False,False,False,False,True,False
22.0,0,7.25,0,3,0,0,1.0,False,False,True,False,False,True,False,False,False
27.0,2,211.5,2,1,1,0,0.0,True,False,False,False,False,False,True,False,False
20.0,0,4.0125,0,3,1,0,0.0,True,False,False,False,False,False,True,False,False
19.0,0,7.775,0,3,1,0,0.0,False,False,True,False,False,False,True,False,False
42.0,0,227.525,0,1,0,0,1.0,True,False,False,False,False,True,False,False,False
1.0,2,15.7417,2,3,0,0,1.0,True,False,False,False,False,True,False,False,False
32.0,0,7.925,0,3,1,0,0.0,False,False,True,False,False,False,True,False,False
35.0,1,52.0,0,1,0,1,1.0,False,False,True,False,False,False,False,True,False
30.0,0,7.8958,0,3,1,0,0.0,False,False,True,False,False,False,True,False,False
18.0,0,73.5,0,2,1,0,0.0,False,False,True,False,False,False,True,False,False
1.0,7,46.9,2,3,1,5,0.0,False,False,True,False,True,False,False,False,False
36.0,0,13.0,0,2,0,0,1.0,False,False,True,False,False,True,False,False,False
30.0,0,7.7292,0,3,1,0,0.0,False,True,False,False,False,False,True,False,False
17.0,0,12.0,0,2,0,0,1.0,True,False,False,False,False,True,False,False,False
36.0,3,120.0,2,1,1,1,1.0,False,False,True,False,False,False,True,False,False
21.0,0,7.7958,0,3,1,0,1.0,False,False,True,False,False,False,True,False,False
28.0,2,7.925,0,3,1,2,0.0,False,False,True,False,False,False,True,False,False
23.0,1,113.275,0,1,0,1,1.0,True,False,False,False,False,True,False,False,False
24.0,2,16.7,2,3,0,0,1.0,False,False,True,False,False,False,False,True,False
22.0,0,7.7958,0,3,1,0,0.0,False,False,True,False,False,False,True,False,False
31.0,0,7.8542,0,3,0,0,0.0,False,False,True,False,False,True,False,False,False
46.0,0,26.0,0,2,1,0,0.0,False,False,True,False,False,False,True,False,False
23.0,0,10.5,0,2,1,0,0.0,False,False,True,True,False,False,False,False,False
28.0,0,12.65,0,2,0,0,1.0,False,False,True,False,False,False,False,True,False
39.0,0,7.925,0,3,1,0,1.0,False,False,True,False,False,False,True,False,False
26.0,0,8.05,0,3,1,0,0.0,False,False,True,False,False,False,True,False,False
21.0,1,9.825,0,3,0,1,0.0,False,False,True,False,False,True,False,False,False
28.0,1,15.85,0,3,1,1,0.0,False,False,True,False,False,False,True,False,False
20.0,0,8.6625,0,3,0,0,0.0,False,False,True,False,False,True,False,False,False
34.0,1,21.0,0,2,1,1,0.0,False,False,True,False,False,False,True,False,False
51.0,0,7.75,0,3,1,0,0.0,False,False,True,False,False,False,True,False,False
3.0,2,18.75,1,2,1,1,1.0,False,False,True,False,True,False,False,False,False
21.0,0,7.775,0,3,1,0,0.0,False,False,True,False,False,False,True,False,False
22.0,4,25.4667,1,3,0,3,0.0,False,False,True,False,False,True,False,False,False
30.0,0,7.8958,0,3,1,0,0.0,False,False,True,False,False,False,True,False,False
30.0,0,6.8583,0,3,1,0,0.0,False,True,False,False,False,False,True,False,False
33.0,1,90.0,0,1,0,1,1.0,False,True,False,False,False,True,False,False,False
30.0,0,0.0,0,2,1,0,0.0,False,False,True,False,False,False,True,False,False
44.0,0,7.925,0,3,1,0,1.0,False,False,True,False,False,False,True,False,False
35.5,0,8.05,0,3,0,0,0.0,False,False,True,False,False,False,False,True,False
34.0,2,32.5,1,2,0,1,1.0,False,False,True,False,False,False,False,True,False
18.0,2,13.0,2,2,0,0,1.0,False,False,True,False,False,True,False,False,False
30.0,0,13.0,0,2,1,0,0.0,False,False,True,False,False,False,True,False,False
10.0,2,24.15,2,3,0,0,0.0,False,False,True,False,False,True,False,False,False
30.0,0,7.8958,0,3,1,0,0.0,True,False,False,False,False,False,True,False,False
21.0,0,7.7333,0,3,1,0,0.0,False,True,False,False,False,False,True,False,False
29.0,0,7.875,0,3,1,0,0.0,False,False,True,False,False,False,True,False,False
28.0,2,14.4,1,3,0,1,0.0,False,False,True,False,False,False,False,True,False
18.0,2,20.2125,1,3,1,1,0.0,False,False,True,False,False,False,True,False,False
30.0,0,7.25,0,3,1,0,0.0,False,False,True,False,False,False,True,False,False
28.0,1,26.0,0,2,0,1,1.0,False,False,True,False,False,False,False,True,False
19.0,0,26.0,0,2,0,0,1.0,False,False,True,False,False,True,False,False,False
30.0,0,7.75,0,3,1,0,0.0,False,True,False,False,False,False,True,False,False
32.0,0,8.05,0,3,1,0,1.0,False,False,True,False,False,False,True,False,False
28.0,0,26.55,0,1,1,0,1.0,False,False,True,False,False,False,True,False,False
35.5,1,16.1,0,3,0,1,1.0,False,False,True,False,False,False,False,True,False
42.0,1,26.0,0,2,0,1,1.0,False,False,True,False,False,False,False,True,False
17.0,0,7.125,0,3,1,0,0.0,False,False,True,False,False,False,True,False,False
50.0,1,55.9,0,1,1,1,0.0,False,False,True,False,False,False,True,False,False
14.0,3,120.0,2,1,0,1,1.0,False,False,True,False,False,True,False,False,False
21.0,4,34.375,2,3,0,2,0.0,False,False,True,False,False,True,False,False,False
24.0,5,18.75,3,2,0,2,1.0,False,False,True,False,False,False,False,True,False
64.0,5,263.0,4,1,1,1,0.0,False,False,True,False,False,False,True,False,False
31.0,0,10.5,0,2,1,0,0.0,False,False,True,False,False,False,True,False,False
45.0,2,26.25,1,2,0,1,1.0,False,False,True,False,False,False,False,True,False
20.0,0,9.5,0,3,1,0,0.0,False,False,True,False,False,False,True,False,False
25.0,1,7.775,0,3,1,1,0.0,False,False,True,False,False,False,True,False,False
28.0,0,13.0,0,2,0,0,1.0,False,False,True,False,False,True,False,False,False
30.0,0,8.1125,0,3,1,0,1.0,False,False,True,False,False,False,True,False,False
4.0,2,81.8583,2,1,1,0,1.0,False,False,True,False,True,False,False,False,False
13.0,1,19.5,1,2,0,0,1.0,False,False,True,False,False,True,False,False,False
34.0,0,26.55,0,1,1,0,1.0,False,False,True,False,False,False,True,False,False
5.0,3,19.2583,1,3,0,2,1.0,True,False,False,False,False,True,False,False,False
52.0,0,30.5,0,1,1,0,1.0,False,False,True,False,False,False,True,False,False
36.0,3,27.75,2,2,1,1,0.0,False,False,True,False,False,False,True,False,False
30.0,1,19.9667,0,3,1,1,0.0,False,False,True,False,False,False,True,False,False
30.0,0,27.75,0,1,1,0,0.0,True,False,False,False,False,False,True,False,False
49.0,1,89.1042,0,1,1,1,1.0,True,False,False,False,False,False,True,False,False
30.0,0,8.05,0,3,1,0,0.0,False,False,True,False,False,False,True,False,False
29.0,0,7.8958,0,3,1,0,1.0,True,False,False,False,False,False,True,False,False
65.0,0,26.55,0,1,1,0,0.0,False,False,True,False,False,False,True,False,False
35.5,1,51.8625,0,1,0,1,1.0,False,False,True,False,False,False,False,True,False
50.0,0,10.5,0,2,0,0,1.0,False,False,True,False,False,True,False,False,False
30.0,0,7.75,0,3,1,0,0.0,False,True,False,False,False,False,True,False,False
48.0,0,26.55,0,1,1,0,1.0,False,False,True,False,False,False,True,False,False
34.0,0,8.05,0,3,1,0,0.0,False,False,True,False,False,False,True,False,False
47.0,0,38.5,0,1,1,0,0.0,False,False,True,False,False,False,True,False,False
48.0,0,13.0,0,2,1,0,0.0,False,False,True,False,False,False,True,False,False
30.0,0,8.05,0,3,1,0,0.0,False,False,True,False,False,False,True,False,False
38.0,0,7.05,0,3,1,0,0.0,False,False,True,False,False,False,True,False,False
30.0,0,0.0,0,2,1,0,0.0,False,False,True,False,False,False,True,False,False
56.0,0,26.55,0,1,1,0,0.0,False,False,True,False,False,False,True,False,False
30.0,0,7.725,0,3,1,0,0.0,False,True,False,False,False,False,True,False,False
0.75,3,19.2583,1,3,0,2,1.0,True,False,False,False,False,True,False,False,False
30.0,0,7.25,0,3,1,0,0.0,False,False,True,False,False,False,True,False,False
38.0,0,8.6625,0,3,1,0,0.0,False,False,True,False,False,False,True,False,False
33.0,3,27.75,2,2,0,1,1.0,False,False,True,False,False,False,False,True,False
23.0,0,13.7917,0,2,0,0,1.0,True,False,False,False,False,False,False,True,False
22.0,0,9.8375,0,3,0,0,0.0,False,False,True,False,False,True,False,False,False
30.0,0,52.0,0,1,1,0,0.0,False,False,True,False,False,False,True,False,False
34.0,1,21.0,0,2,1,1,0.0,False,False,True,False,False,False,True,False,False
29.0,1,7.0458,0,3,1,1,0.0,False,False,True,False,False,False,True,False,False
22.0,0,7.5208,0,3,1,0,0.0,False,False,True,False,False,False,True,False,False
2.0,1,12.2875,1,3,0,0,1.0,False,False,True,False,False,True,False,False,False
9.0,7,46.9,2,3,1,5,0.0,False,False,True,False,True,False,False,False,False
30.0,0,0.0,0,2,1,0,0.0,False,False,True,False,False,False,True,False,False
50.0,0,8.05,0,3,1,0,0.0,False,False,True,False,False,False,True,False,False
63.0,0,9.5875,0,3,0,0,1.0,False,False,True,False,False,False,False,True,False
25.0,1,91.0792,0,1,1,1,1.0,True,False,False,False,False,False,True,False,False
22.0,4,25.4667,1,3,0,3,0.0,False,False,True,False,False,True,False,False,False
35.0,1,90.0,0,1,0,1,1.0,False,False,True,False,False,False,False,True,False
58.0,0,29.7,0,1,1,0,0.0,True,False,False,False,False,False,True,False,False
30.0,0,8.05,0,3,1,0,0.0,False,False,True,False,False,False,True,False,False
9.0,2,15.9,1,3,1,1,1.0,False,False,True,False,True,False,False,False,False
30.0,1,19.9667,0,3,1,1,0.0,False,False,True,False,False,False,True,False,False
21.0,0,7.25,0,3,1,0,0.0,False,False,True,False,False,False,True,False,False
55.0,0,30.5,0,1,1,0,0.0,False,False,True,False,False,False,True,False,False
71.0,0,49.5042,0,1,1,0,0.0,True,False,False,False,False,False,True,False,False
21.0,0,8.05,0,3,1,0,0.0,False,False,True,False,False,False,True,False,False
30.0,0,14.4583,0,3,1,0,0.0,True,False,False,False,False,False,True,False,False
54.0,1,78.2667,0,1,0,1,1.0,True,False,False,False,False,True,False,False,False
30.0,0,15.1,0,3,1,0,0.0,False,False,True,False,False,False,True,False,False
25.0,3,151.55,2,1,0,1,0.0,False,False,True,False,False,False,False,True,False
24.0,0,7.7958,0,3,1,0,0.0,False,False,True,False,False,False,True,False,False
17.0,0,8.6625,0,3,1,0,0.0,False,False,True,False,False,False,True,False,False
21.0,0,7.75,0,3,0,0,0.0,False,True,False,False,False,True,False,False,False
22.0,0,7.6292,0,3,0,0,0.0,False,True,False,False,False,True,False,False,False
37.0,0,9.5875,0,3,0,0,0.0,False,False,True,False,False,True,False,False,False
16.0,0,86.5,0,1,0,0,1.0,False,False,True,False,False,True,False,False,False
18.0,1,108.9,0,1,1,1,0.0,True,False,False,False,False,False,True,False,False
33.0,2,26.0,2,2,0,0,1.0,False,False,True,False,False,False,False,True,False
30.0,0,26.55,0,1,1,0,1.0,False,False,True,False,False,False,True,False,False
28.0,0,22.525,0,3,1,0,0.0,False,False,True,False,False,False,True,False,False
26.0,0,56.4958,0,3,1,0,1.0,False,False,True,False,False,False,True,False,False
29.0,0,7.75,0,3,1,0,1.0,False,True,False,False,False,False,True,False,False
30.0,0,8.05,0,3,1,0,0.0,False,False,True,False,False,False,True,False,False
36.0,0,26.2875,0,1,1,0,1.0,False,False,True,False,False,False,True,False,False
54.0,1,59.4,0,1,0,1,1.0,True,False,False,False,False,False,False,True,False
24.0,0,7.4958,0,3,1,0,0.0,False,False,True,False,False,False,True,False,False
47.0,0,34.0208,0,1,1,0,0.0,False,False,True,False,False,False,True,False,False
34.0,0,10.5,0,2,0,0,1.0,False,False,True,False,False,False,False,True,False
30.0,0,24.15,0,3,1,0,0.0,False,True,False,False,False,False,True,False,False
36.0,1,26.0,0,2,0,1,1.0,False,False,True,False,False,False,False,True,False
32.0,0,7.8958,0,3,1,0,0.0,False,False,True,False,False,False,True,False,False
30.0,0,93.5,0,1,0,0,1.0,False,False,True,False,False,True,False,False,False
22.0,0,7.8958,0,3,1,0,0.0,False,False,True,False,False,False,True,False,False
30.0,0,7.225,0,3,1,0,0.0,True,False,False,False,False,False,True,False,False
44.0,1,57.9792,1,1,0,0,1.0,True,False,False,False,False,False,False,True,False
30.0,0,7.2292,0,3,1,0,0.0,True,False,False,False,False,False,True,False,False
40.5,0,7.75,0,3,1,0,0.0,False,True,False,False,False,False,True,False,False
50.0,0,10.5,0,2,0,0,1.0,False,False,True,False,False,True,False,False,False
30.0,0,221.7792,0,1,1,0,0.0,False,False,True,False,False,False,True,False,False
39.0,0,7.925,0,3,1,0,0.0,False,False,True,False,False,False,True,False,False
23.0,3,11.5,1,2,1,2,0.0,False,False,True,False,False,False,True,False,False
2.0,2,26.0,1,2,0,1,1.0,False,False,True,False,False,True,False,False,False
30.0,0,7.2292,0,3,1,0,0.0,True,False,False,False,False,False,True,False,False
17.0,2,7.2292,1,3,1,1,0.0,True,False,False,False,False,False,True,False,False
35.5,2,22.3583,2,3,0,0,1.0,True,False,False,False,False,False,False,True,False
30.0,0,8.6625,0,3,0,0,0.0,False,False,True,False,False,True,False,False,False
7.0,2,26.25,2,2,0,0,1.0,False,False,True,False,False,True,False,False,False
45.0,0,26.55,0,1,1,0,0.0,False,False,True,False,False,False,True,False,False
30.0,0,106.425,0,1,0,0,1.0,True,False,False,False,False,True,False,False,False
30.0,0,14.5,0,3,1,0,0.0,False,False,True,False,False,False,True,False,False
22.0,2,49.5,2,1,0,0,1.0,True,False,False,False,False,True,False,False,False
36.0,2,71.0,2,1,0,0,1.0,False,False,True,False,False,True,False,False,False
9.0,6,31.275,2,3,0,4,0.0,False,False,True,False,False,True,False,False,False
11.0,6,31.275,2,3,0,4,0.0,False,False,True,False,False,True,False,False,False
32.0,1,26.0,0,2,1,1,1.0,False,False,True,False,False,False,True,False,False
50.0,1,106.425,0,1,1,1,0.0,True,False,False,False,False,False,True,False,False
64.0,0,26.0,0,1,1,0,0.0,False,False,True,False,False,False,True,False,False
19.0,1,26.0,0,2,0,1,1.0,False,False,True,False,False,False,False,True,False
30.0,0,13.8625,0,2,1,0,1.0,True,False,False,False,False,False,True,False,False
33.0,2,20.525,1,3,1,1,0.0,False,False,True,False,False,False,True,False,False
8.0,2,36.75,1,2,1,1,1.0,False,False,True,False,True,False,False,False,False
17.0,2,110.8833,2,1,1,0,1.0,True,False,False,False,False,False,True,False,False
27.0,0,26.0,0,2,1,0,0.0,False,False,True,False,False,False,True,False,False
30.0,0,7.8292,0,3,1,0,0.0,False,True,False,False,False,False,True,False,False
22.0,0,7.225,0,3,1,0,1.0,True,False,False,False,False,False,True,False,False
22.0,0,7.775,0,3,0,0,1.0,False,False,True,False,False,True,False,False,False
62.0,0,26.55,0,1,1,0,0.0,False,False,True,False,False,False,True,False,False
48.0,1,39.6,0,1,0,1,1.0,True,False,False,False,False,False,False,True,False
30.0,0,227.525,0,1,1,0,0.0,True,False,False,False,False,False,True,False,False
39.0,2,79.65,1,1,0,1,1.0,False,False,True,False,False,False,False,True,False
36.0,1,17.4,0,3,0,1,1.0,False,False,True,False,False,False,False,True,False
30.0,0,7.75,0,3,1,0,0.0,False,True,False,False,False,False,True,False,False
40.0,0,7.8958,0,3,1,0,0.0,False,False,True,False,False,False,True,False,False
28.0,0,13.5,0,2,1,0,0.0,False,False,True,False,False,False,True,False,False
30.0,0,8.05,0,3,1,0,0.0,False,False,True,False,False,False,True,False,False
22.0,0,8.05,0,3,0,0,0.0,False,False,True,False,False,True,False,False,False
24.0,2,24.15,0,3,1,2,0.0,False,False,True,False,False,False,True,False,False
19.0,0,7.8958,0,3,1,0,0.0,False,False,True,False,False,False,True,False,False
29.0,4,21.075,4,3,0,0,0.0,False,False,True,False,False,False,False,True,False
30.0,0,7.2292,0,3,1,0,0.0,True,False,False,False,False,False,True,False,False
32.0,0,7.8542,0,3,1,0,1.0,False,False,True,False,False,False,True,False,False
62.0,0,10.5,0,2,1,0,1.0,False,False,True,False,False,False,True,False,False
53.0,2,51.4792,0,1,0,2,1.0,False,False,True,False,False,False,False,True,False
36.0,0,26.3875,0,1,1,0,1.0,False,False,True,False,False,False,True,False,False
22.0,0,7.75,0,3,0,0,1.0,False,True,False,False,False,True,False,False,False
16.0,0,8.05,0,3,1,0,0.0,False,False,True,False,False,False,True,False,False
19.0,0,14.5,0,3,1,0,0.0,False,False,True,False,False,False,True,False,False
34.0,0,13.0,0,2,0,0,1.0,False,False,True,False,False,True,False,False,False
39.0,1,55.9,0,1,0,1,1.0,False,False,True,False,False,False,False,True,False
35.5,1,14.4583,0,3,0,1,0.0,True,False,False,False,False,False,False,True,False
32.0,0,7.925,0,3,1,0,1.0,False,False,True,False,False,False,True,False,False
25.0,2,30.0,1,2,0,1,1.0,False,False,True,False,False,True,False,False,False
39.0,2,110.8833,1,1,0,1,1.0,True,False,False,False,False,False,False,True,False
54.0,0,26.0,0,2,1,0,0.0,False,False,True,False,False,False,True,False,False
36.0,0,40.125,0,1,1,0,0.0,True,False,False,False,False,False,True,False,False
30.0,0,8.7125,0,3,1,0,0.0,True,False,False,False,False,False,True,False,False
18.0,2,79.65,2,1,0,0,1.0,False,False,True,False,False,True,False,False,False
47.0,0,15.0,0,2,1,0,0.0,False,False,True,False,False,False,True,False,False
60.0,2,79.2,1,1,1,1,1.0,True,False,False,False,False,False,True,False,False
22.0,0,8.05,0,3,1,0,0.0,False,False,True,False,False,False,True,False,False
30.0,0,8.05,0,3,1,0,0.0,False,False,True,False,False,False,True,False,False
35.0,0,7.125,0,3,1,0,0.0,False,False,True,False,False,False,True,False,False
52.0,1,78.2667,0,1,0,1,1.0,True,False,False,False,False,False,False,True,False
47.0,0,7.25,0,3,1,0,0.0,False,False,True,False,False,False,True,False,False
22.0,2,7.75,2,3,0,0,0.0,False,True,False,False,False,True,False,False,False
37.0,1,26.0,0,2,1,1,0.0,False,False,True,False,False,False,True,False,False
36.0,2,24.15,1,3,1,1,0.0,False,False,True,False,False,False,True,False,False
22.0,0,33.0,0,2,0,0,1.0,False,False,True,False,False,True,False,False,False
49.0,0,0.0,0,3,1,0,0.0,False,False,True,False,False,False,True,False,False
30.0,0,7.225,0,3,1,0,0.0,True,False,False,False,False,False,True,False,False
49.0,1,56.9292,0,1,1,1,1.0,True,False,False,False,False,False,True,False,False
24.0,3,27.0,1,2,0,2,1.0,False,False,True,False,False,False,False,True,False
30.0,0,7.8958,0,3,1,0,0.0,False,False,True,False,False,False,True,False,False
30.0,0,42.4,0,1,1,0,0.0,False,False,True,False,False,False,True,False,False
44.0,0,8.05,0,3,1,0,0.0,False,False,True,False,False,False,True,False,False
35.0,0,26.55,0,1,1,0,1.0,True,False,False,False,False,False,True,False,False
36.0,1,15.55,0,3,1,1,0.0,False,False,True,False,False,False,True,False,False
30.0,0,7.8958,0,3,1,0,0.0,False,False,True,False,False,False,True,False,False
27.0,0,30.5,0,1,1,0,1.0,False,False,True,False,False,False,True,False,False
22.0,3,41.5792,2,2,0,1,1.0,True,False,False,False,False,False,False,True,False
40.0,0,153.4625,0,1,0,0,1.0,False,False,True,False,False,True,False,False,False
39.0,6,31.275,5,3,0,1,0.0,False,False,True,False,False,False,False,True,False
30.0,0,7.05,0,3,1,0,0.0,False,False,True,False,False,False,True,False,False
22.0,1,15.5,0,3,0,1,1.0,False,True,False,False,False,True,False,False,False
30.0,0,7.75,0,3,1,0,0.0,False,True,False,False,False,False,True,False,False
35.0,0,8.05,0,3,1,0,0.0,False,False,True,False,False,False,True,False,False
24.0,3,65.0,2,2,0,1,1.0,False,False,True,False,False,True,False,False,False
34.0,2,14.4,1,3,1,1,0.0,False,False,True,False,False,False,True,False,False
26.0,1,16.1,0,3,0,1,0.0,False,False,True,False,False,False,False,True,False
4.0,3,39.0,1,2,0,2,1.0,False,False,True,False,False,True,False,False,False
26.0,0,10.5,0,2,1,0,0.0,False,False,True,False,False,False,True,False,False
27.0,1,14.4542,0,3,1,1,0.0,True,False,False,False,False,False,True,False,False
42.0,1,52.5542,0,1,1,1,1.0,False,False,True,False,False,False,True,False,False
20.0,2,15.7417,1,3,1,1,1.0,True,False,False,False,False,False,True,False,False
21.0,0,7.8542,0,3,1,0,0.0,False,False,True,False,False,False,True,False,False
21.0,0,16.1,0,3,1,0,0.0,False,False,True,False,False,False,True,False,False
61.0,0,32.3208,0,1,1,0,0.0,False,False,True,False,False,False,True,False,False
57.0,0,12.35,0,2,1,0,0.0,False,True,False,False,False,False,False,False,True
21.0,0,77.9583,0,1,0,0,1.0,False,False,True,False,False,True,False,False,False
26.0,0,7.8958,0,3,1,0,0.0,False,False,True,False,False,False,True,False,False
30.0,0,7.7333,0,3,1,0,0.0,False,True,False,False,False,False,True,False,False
80.0,0,30.0,0,1,1,0,1.0,False,False,True,False,False,False,True,False,False
51.0,0,7.0542,0,3,1,0,0.0,False,False,True,False,False,False,True,False,False
32.0,0,30.5,0,1,1,0,1.0,True,False,False,True,False,False,False,False,False
30.0,0,0.0,0,1,1,0,0.0,False,False,True,False,False,False,True,False,False
9.0,5,27.9,2,3,0,3,0.0,False,False,True,False,False,True,False,False,False
28.0,0,13.0,0,2,0,0,1.0,False,False,True,False,False,True,False,False,False
32.0,0,7.925,0,3,1,0,0.0,False,False,True,False,False,False,True,False,False
31.0,2,26.25,1,2,1,1,0.0,False,False,True,False,False,False,True,False,False
41.0,5,39.6875,5,3,0,0,0.0,False,False,True,False,False,False,False,True,False
30.0,1,16.1,0,3,1,1,0.0,False,False,True,False,False,False,True,False,False
20.0,0,7.8542,0,3,1,0,0.0,False,False,True,False,False,False,True,False,False
24.0,0,69.3,0,1,0,0,1.0,True,False,False,False,False,True,False,False,False
2.0,5,27.9,2,3,0,3,0.0,False,False,True,False,False,True,False,False,False
30.0,0,56.4958,0,3,1,0,1.0,False,False,True,False,False,False,True,False,False
0.75,3,19.2583,1,3,0,2,1.0,True,False,False,False,False,True,False,False,False
48.0,1,76.7292,0,1,1,1,1.0,True,False,False,False,False,False,True,False,False
19.0,0,7.8958,0,3,1,0,0.0,False,False,True,False,False,False,True,False,False
56.0,0,35.5,0,1,1,0,1.0,True,False,False,False,False,False,True,False,False
30.0,0,7.55,0,3,1,0,0.0,False,False,True,False,False,False,True,False,False
23.0,0,7.55,0,3,0,0,1.0,False,False,True,False,False,True,False,False,False
30.0,0,7.8958,0,3,1,0,0.0,False,False,True,False,False,False,True,False,False
18.0,1,23.0,1,2,0,0,1.0,False,False,True,False,False,True,False,False,False
21.0,0,8.4333,0,3,1,0,0.0,False,False,True,False,False,False,True,False,False
22.0,0,7.8292,0,3,0,0,1.0,False,True,False,False,False,True,False,False,False
18.0,0,6.75,0,3,0,0,0.0,False,True,False,False,False,True,False,False,False
24.0,2,73.5,0,2,1,2,0.0,False,False,True,False,False,False,True,False,False
30.0,0,7.8958,0,3,1,0,0.0,False,False,True,False,False,False,True,False,False
32.0,2,15.5,1,3,0,1,0.0,False,True,False,False,False,False,False,True,False
23.0,0,13.0,0,2,1,0,0.0,False,False,True,False,False,False,True,False,False
58.0,2,113.275,2,1,1,0,0.0,True,False,False,False,False,False,True,False,False
50.0,2,133.65,0,1,1,2,1.0,False,False,True,True,False,False,False,False,False
40.0,0,7.225,0,3,1,0,0.0,True,False,False,False,False,False,True,False,False
47.0,0,25.5875,0,1,1,0,0.0,False,False,True,False,False,False,True,False,False
36.0,0,7.4958,0,3,1,0,0.0,False,False,True,False,False,False,True,False,False
20.0,1,7.925,0,3,1,1,1.0,False,False,True,False,False,False,True,False,False
32.0,2,73.5,0,2,1,2,0.0,False,False,True,False,False,False,True,False,False
25.0,0,13.0,0,2,1,0,0.0,False,False,True,False,False,False,True,False,False
30.0,0,7.775,0,3,1,0,0.0,False,False,True,False,False,False,True,False,False
43.0,0,8.05,0,3,1,0,0.0,False,False,True,False,False,False,True,False,False
35.5,1,52.0,0,1,0,1,1.0,False,False,True,False,False,False,False,True,False
40.0,2,39.0,1,2,0,1,1.0,False,False,True,False,False,False,False,True,False
31.0,1,52.0,0,1,1,1,0.0,False,False,True,False,False,False,True,False,False
70.0,0,10.5,0,2,1,0,0.0,False,False,True,False,False,False,True,False,False
31.0,0,13.0,0,2,1,0,1.0,False,False,True,False,False,False,True,False,False
30.0,0,0.0,0,2,1,0,0.0,False,False,True,False,False,False,True,False,False
18.0,0,7.775,0,3,1,0,0.0,False,False,True,False,False,False,True,False,False
24.5,0,8.05,0,3,1,0,0.0,False,False,True,False,False,False,True,False,False
18.0,0,9.8417,0,3,0,0,1.0,False,False,True,False,False,True,False,False,False
43.0,7,46.9,6,3,0,1,0.0,False,False,True,False,False,False,False,True,False
36.0,1,512.3292,1,1,1,0,1.0,True,False,False,False,False,False,True,False,False
22.0,0,8.1375,0,3,0,0,0.0,False,True,False,False,False,True,False,False,False
27.0,0,76.7292,0,1,1,0,1.0,True,False,False,False,False,False,True,False,False
20.0,0,9.225,0,3,1,0,0.0,False,False,True,False,False,False,True,False,False
14.0,7,46.9,2,3,1,5,0.0,False,False,True,False,False,False,True,False,False
60.0,2,39.0,1,2,1,1,0.0,False,False,True,False,False,False,True,False,False
25.0,3,41.5792,2,2,1,1,0.0,True,False,False,False,False,False,True,False,False
14.0,5,39.6875,1,3,1,4,0.0,False,False,True,False,False,False,True,False,False
19.0,0,10.1708,0,3,1,0,0.0,False,False,True,False,False,False,True,False,False
18.0,0,7.7958,0,3,1,0,0.0,False,False,True,False,False,False,True,False,False
15.0,1,211.3375,1,1,0,0,1.0,False,False,True,False,False,True,False,False,False
31.0,1,57.0,0,1,1,1,1.0,False,False,True,False,False,False,True,False,False
4.0,1,13.4167,1,3,0,0,1.0,True,False,False,False,False,True,False,False,False
30.0,0,56.4958,0,3,1,0,1.0,False,False,True,False,False,False,True,False,False
25.0,0,7.225,0,3,1,0,0.0,True,False,False,False,False,False,True,False,False
60.0,0,26.55,0,1,1,0,0.0,False,False,True,False,False,False,True,False,False
52.0,0,13.5,0,2,1,0,0.0,False,False,True,False,False,False,True,False,False
44.0,0,8.05,0,3,1,0,0.0,False,False,True,False,False,False,True,False,False
22.0,0,7.7333,0,3,0,0,1.0,False,True,False,False,False,True,False,False,False
49.0,2,110.8833,1,1,1,1,0.0,True,False,False,False,False,False,True,False,False
42.0,0,7.65,0,3,1,0,0.0,False,False,True,False,False,False,True,False,False
18.0,1,227.525,0,1,0,1,1.0,True,False,False,False,False,False,False,True,False
35.0,0,26.2875,0,1,1,0,1.0,False,False,True,False,False,False,True,False,False
18.0,1,14.4542,1,3,0,0,0.0,True,False,False,False,False,True,False,False,False
25.0,0,7.7417,0,3,1,0,0.0,False,True,False,False,False,False,True,False,False
26.0,1,7.8542,0,3,1,1,0.0,False,False,True,False,False,False,True,False,False
39.0,0,26.0,0,2,1,0,0.0,False,False,True,False,False,False,True,False,False
45.0,0,13.5,0,2,0,0,1.0,False,False,True,False,False,False,False,True,False
42.0,0,26.2875,0,1,1,0,1.0,False,False,True,False,False,False,True,False,False
22.0,0,151.55,0,1,0,0,1.0,False,False,True,False,False,True,False,False,False
4.0,2,15.2458,1,3,1,1,1.0,True,False,False,False,True,False,False,False,False
24.0,0,49.5042,0,1,0,0,1.0,True,False,False,False,False,True,False,False,False
30.0,0,26.55,0,1,1,0,0.0,False,False,True,False,False,False,True,False,False
48.0,1,52.0,0,1,1,1,1.0,False,False,True,False,False,False,True,False,False
29.0,0,9.4833,0,3,1,0,0.0,False,False,True,False,False,False,True,False,False
52.0,0,13.0,0,2,1,0,0.0,False,False,True,False,False,False,True,False,False
19.0,0,7.65,0,3,1,0,0.0,False,False,True,False,False,False,True,False,False
38.0,0,227.525,0,1,0,0,1.0,True,False,False,False,False,True,False,False,False
27.0,0,10.5,0,2,0,0,1.0,False,False,True,False,False,True,False,False,False
30.0,0,15.5,0,3,1,0,0.0,False,True,False,False,False,False,True,False,False
33.0,0,7.775,0,3,1,0,0.0,False,False,True,False,False,False,True,False,False
6.0,1,33.0,1,2,0,0,1.0,False,False,True,False,False,True,False,False,False
17.0,1,7.0542,0,3,1,1,0.0,False,False,True,False,False,False,True,False,False
34.0,0,13.0,0,2,1,0,0.0,False,False,True,False,False,False,True,False,False
50.0,0,13.0,0,2,1,0,0.0,False,False,True,False,False,False,True,False,False
27.0,1,53.1,0,1,1,1,1.0,False,False,True,False,False,False,True,False,False
20.0,0,8.6625,0,3,1,0,0.0,False,False,True,False,False,False,True,False,False
30.0,3,21.0,0,2,0,3,1.0,False,False,True,False,False,False,False,True,False
22.0,0,7.7375,0,3,0,0,1.0,False,True,False,False,False,True,False,False,False
25.0,1,26.0,0,2,1,1,0.0,False,False,True,False,False,False,True,False,False
25.0,1,7.925,0,3,0,1,0.0,False,False,True,False,False,True,False,False,False
29.0,0,211.3375,0,1,0,0,1.0,False,False,True,False,False,True,False,False,False
11.0,0,18.7875,0,3,1,0,0.0,True,False,False,False,False,False,True,False,False
30.0,0,0.0,0,2,1,0,0.0,False,False,True,False,False,False,True,False,False
23.0,0,13.0,0,2,1,0,0.0,False,False,True,False,False,False,True,False,False
23.0,0,13.0,0,2,1,0,0.0,False,False,True,False,False,False,True,False,False
28.5,0,16.1,0,3,1,0,0.0,False,False,True,False,False,False,True,False,False
48.0,4,34.375,3,3,0,1,0.0,False,False,True,False,False,False,False,True,False
35.0,0,512.3292,0,1,1,0,1.0,True,False,False,False,False,False,True,False,False
30.0,0,7.8958,0,3,1,0,0.0,False,False,True,False,False,False,True,False,False
30.0,0,7.8958,0,3,1,0,0.0,False,False,True,False,False,False,True,False,False
30.0,0,30.0,0,1,1,0,1.0,False,False,True,False,False,False,True,False,False
36.0,1,78.85,0,1,1,1,0.0,False,False,True,False,False,False,True,False,False
21.0,4,262.375,2,1,0,2,1.0,True,False,False,False,False,True,False,False,False
24.0,1,16.1,0,3,1,1,0.0,False,False,True,False,False,False,True,False,False
31.0,0,7.925,0,3,1,0,1.0,False,False,True,False,False,False,True,False,False
70.0,2,71.0,1,1,1,1,0.0,False,False,True,False,False,False,True,False,False
16.0,2,20.25,1,3,1,1,0.0,False,False,True,False,False,False,True,False,False
30.0,0,13.0,0,2,0,0,1.0,False,False,True,False,False,True,False,False,False
19.0,1,53.1,0,1,1,1,0.0,False,False,True,False,False,False,True,False,False
31.0,0,7.75,0,3,1,0,0.0,False,True,False,False,False,False,True,False,False
4.0,2,23.0,1,2,0,1,1.0,False,False,True,False,False,True,False,False,False
6.0,1,12.475,1,3,1,0,1.0,False,False,True,False,True,False,False,False,False
33.0,0,9.5,0,3,1,0,0.0,False,False,True,False,False,False,True,False,False
23.0,0,7.8958,0,3,1,0,0.0,False,False,True,False,False,False,True,False,False
48.0,3,65.0,2,2,0,1,1.0,False,False,True,False,False,False,False,True,False
0.67,2,14.5,1,2,1,1,1.0,False,False,True,False,True,False,False,False,False
28.0,0,7.7958,0,3,1,0,0.0,False,False,True,False,False,False,True,False,False
18.0,0,11.5,0,2,1,0,0.0,False,False,True,False,False,False,True,False,False
34.0,0,8.05,0,3,1,0,0.0,False,False,True,False,False,False,True,False,False
33.0,0,86.5,0,1,0,0,1.0,False,False,True,False,False,False,False,True,False
30.0,0,14.5,0,3,1,0,0.0,False,False,True,False,False,False,True,False,False
41.0,0,7.125,0,3,1,0,0.0,False,False,True,False,False,False,True,False,False
20.0,0,7.2292,0,3,1,0,1.0,True,False,False,False,False,False,True,False,False
36.0,3,120.0,2,1,0,1,1.0,False,False,True,False,False,False,False,True,False
16.0,0,7.775,0,3,1,0,0.0,False,False,True,False,False,False,True,False,False
51.0,1,77.9583,0,1,0,1,1.0,False,False,True,False,False,False,False,True,False
49.0,0,39.6,0,1,1,0,0.0,True,False,False,True,False,False,False,False,False
30.5,0,7.75,0,3,0,0,0.0,False,True,False,False,False,True,False,False,False
30.0,1,24.15,0,3,1,1,0.0,False,True,False,False,False,False,True,False,False
32.0,0,8.3625,0,3,1,0,0.0,False,False,True,False,False,False,True,False,False
24.0,0,9.5,0,3,1,0,0.0,False,False,True,False,False,False,True,False,False
48.0,0,7.8542,0,3,1,0,0.0,False,False,True,False,False,False,True,False,False
57.0,0,10.5,0,2,0,0,0.0,False,False,True,False,False,False,False,True,False
30.0,0,7.225,0,3,1,0,0.0,True,False,False,False,False,False,True,False,False
54.0,4,23.0,3,2,0,1,1.0,False,False,True,False,False,False,False,True,False
18.0,0,7.75,0,3,1,0,0.0,False,False,True,False,False,False,True,False,False
30.0,0,7.75,0,3,1,0,0.0,False,True,False,False,False,False,True,False,False
5.0,0,12.475,0,3,0,0,1.0,False,False,True,False,False,True,False,False,False
30.0,0,7.7375,0,3,1,0,0.0,False,True,False,False,False,False,True,False,False
43.0,1,211.3375,1,1,0,0,1.0,False,False,True,False,False,False,False,True,False
13.0,0,7.2292,0,3,0,0,1.0,True,False,False,False,False,True,False,False,False
17.0,1,57.0,0,1,0,1,1.0,False,False,True,False,False,False,False,True,False
29.0,0,30.0,0,1,1,0,0.0,False,False,True,False,False,False,True,False,False
30.0,3,23.45,2,3,1,1,0.0,False,False,True,False,False,False,True,False,False
25.0,0,7.05,0,3,1,0,0.0,False,False,True,False,False,False,True,False,False
25.0,0,7.25,0,3,1,0,0.0,False,False,True,False,False,False,True,False,False
18.0,0,7.4958,0,3,0,0,1.0,False,False,True,False,False,True,False,False,False
8.0,5,29.125,1,3,1,4,0.0,False,True,False,False,True,False,False,False,False
1.0,3,20.575,2,3,1,1,1.0,False,False,True,False,True,False,False,False,False
46.0,0,79.2,0,1,1,0,0.0,True,False,False,False,False,False,True,False,False
30.0,0,7.75,0,3,1,0,0.0,False,True,False,False,False,False,True,False,False
16.0,0,26.0,0,2,1,0,0.0,False,False,True,False,False,False,True,False,False
22.0,10,69.55,2,3,0,8,0.0,False,False,True,False,False,True,False,False,False
30.0,0,30.6958,0,1,1,0,0.0,True,False,False,False,False,False,True,False,False
25.0,0,7.8958,0,3,1,0,0.0,False,False,True,False,False,False,True,False,False
39.0,0,13.0,0,2,1,0,0.0,False,False,True,False,False,False,True,False,False
49.0,0,25.9292,0,1,0,0,1.0,False,False,True,True,False,False,False,False,False
31.0,0,8.6833,0,3,0,0,1.0,False,False,True,False,False,False,False,True,False
30.0,0,7.2292,0,3,1,0,0.0,True,False,False,False,False,False,True,False,False
30.0,2,24.15,1,3,0,1,0.0,False,False,True,False,False,False,False,True,False
34.0,0,13.0,0,2,1,0,0.0,False,False,True,False,False,False,True,False,False
31.0,2,26.25,1,2,0,1,1.0,False,False,True,False,False,False,False,True,False
11.0,3,120.0,2,1,1,1,1.0,False,False,True,False,True,False,False,False,False
0.42,1,8.5167,1,3,1,0,1.0,True,False,False,False,True,False,False,False,False
27.0,0,6.975,0,3,1,0,1.0,False,False,True,False,False,False,True,False,False
31.0,0,7.775,0,3,1,0,0.0,False,False,True,False,False,False,True,False,False
39.0,0,0.0,0,1,1,0,0.0,False,False,True,False,False,False,True,False,False
18.0,0,7.775,0,3,0,0,0.0,False,False,True,False,False,True,False,False,False
39.0,0,13.0,0,2,1,0,0.0,False,False,True,False,False,False,True,False,False
33.0,1,53.1,0,1,0,1,1.0,False,False,True,False,False,False,False,True,False
26.0,0,7.8875,0,3,1,0,0.0,False,False,True,False,False,False,True,False,False
39.0,0,24.15,0,3,1,0,0.0,False,False,True,False,False,False,True,False,False
35.0,0,10.5,0,2,1,0,0.0,False,False,True,False,False,False,True,False,False
6.0,6,31.275,2,3,0,4,0.0,False,False,True,False,False,True,False,False,False
30.5,0,8.05,0,3,1,0,0.0,False,False,True,False,False,False,True,False,False
30.0,0,0.0,0,1,1,0,0.0,False,False,True,False,False,False,True,False,False
23.0,0,7.925,0,3,0,0,0.0,False,False,True,False,False,True,False,False,False
31.0,2,37.0042,1,2,1,1,0.0,True,False,False,False,False,False,True,False,False
43.0,0,6.45,0,3,1,0,0.0,False,False,True,False,False,False,True,False,False
10.0,5,27.9,2,3,1,3,0.0,False,False,True,False,True,False,False,False,False
52.0,2,93.5,1,1,0,1,1.0,False,False,True,False,False,False,False,True,False
27.0,0,8.6625,0,3,1,0,1.0,False,False,True,False,False,False,True,False,False
38.0,0,0.0,0,1,1,0,0.0,False,False,True,False,False,False,True,False,False
27.0,1,12.475,1,3,0,0,1.0,False,False,True,False,False,False,False,True,False
2.0,5,39.6875,1,3,1,4,0.0,False,False,True,False,True,False,False,False,False
30.0,0,6.95,0,3,1,0,0.0,False,True,False,False,False,False,True,False,False
30.0,0,56.4958,0,3,1,0,0.0,False,False,True,False,False,False,True,False,False
1.0,2,37.0042,2,2,1,0,1.0,True,False,False,False,True,False,False,False,False
30.0,0,7.75,0,3,1,0,1.0,False,True,False,False,False,False,True,False,False
62.0,0,80.0,0,1,0,0,1.0,True,False,False,False,False,False,False,True,False
15.0,1,14.4542,0,3,0,1,1.0,True,False,False,False,False,False,False,True,False
0.83,2,18.75,1,2,1,1,1.0,False,False,True,False,True,False,False,False,False
30.0,0,7.2292,0,3,1,0,0.0,True,False,False,False,False,False,True,False,False
23.0,0,7.8542,0,3,1,0,0.0,False,False,True,False,False,False,True,False,False
18.0,0,8.3,0,3,1,0,0.0,False,False,True,False,False,False,True,False,False
39.0,2,83.1583,1,1,0,1,1.0,True,False,False,False,False,True,False,False,False
21.0,0,8.6625,0,3,1,0,0.0,False,False,True,False,False,False,True,False,False
30.0,0,8.05,0,3,1,0,0.0,False,False,True,False,False,False,True,False,False
32.0,0,56.4958,0,3,1,0,1.0,False,False,True,False,False,False,True,False,False
30.0,0,29.7,0,1,1,0,1.0,True,False,False,False,False,False,True,False,False
20.0,0,7.925,0,3,1,0,0.0,False,False,True,False,False,False,True,False,False
16.0,0,10.5,0,2,1,0,0.0,False,False,True,False,False,False,True,False,False
30.0,0,31.0,0,1,0,0,1.0,True,False,False,False,False,True,False,False,False
34.5,0,6.4375,0,3,1,0,0.0,True,False,False,False,False,False,True,False,False
17.0,0,8.6625,0,3,1,0,0.0,False,False,True,False,False,False,True,False,False
42.0,0,7.55,0,3,1,0,0.0,False,False,True,False,False,False,True,False,False
30.0,10,69.55,2,3,1,8,0.0,False,False,True,False,False,False,True,False,False
35.0,0,7.8958,0,3,1,0,0.0,True,False,False,False,False,False,True,False,False
28.0,1,33.0,1,2,1,0,0.0,False,False,True,False,False,False,False,False,True
35.5,1,89.1042,0,1,0,1,1.0,True,False,False,False,False,False,False,True,False
4.0,6,31.275,2,3,1,4,0.0,False,False,True,False,True,False,False,False,False
74.0,0,7.775,0,3,1,0,0.0,False,False,True,False,False,False,True,False,False
9.0,2,15.2458,1,3,0,1,0.0,True,False,False,False,False,True,False,False,False
16.0,1,39.4,1,1,0,0,1.0,False,False,True,False,False,True,False,False,False
44.0,1,26.0,0,2,0,1,0.0,False,False,True,False,False,False,False,True,False
18.0,1,9.35,1,3,0,0,1.0,False,False,True,False,False,False,False,True,False
45.0,2,164.8667,1,1,0,1,1.0,False,False,True,False,False,False,False,True,False
51.0,0,26.55,0,1,1,0,1.0,False,False,True,False,False,False,True,False,False
24.0,3,19.2583,3,3,0,0,1.0,True,False,False,False,False,False,False,True,False
30.0,0,7.2292,0,3,1,0,0.0,True,False,False,False,False,False,True,False,False
41.0,2,14.1083,0,3,1,2,0.0,False,False,True,False,False,False,True,False,False
21.0,1,11.5,0,2,1,1,0.0,False,False,True,False,False,False,True,False,False
48.0,0,25.9292,0,1,0,0,1.0,False,False,True,False,False,False,False,True,False
22.0,10,69.55,2,3,0,8,0.0,False,False,True,False,False,True,False,False,False
24.0,0,13.0,0,2,1,0,0.0,False,False,True,False,False,False,True,False,False
42.0,0,13.0,0,2,0,0,1.0,False,False,True,False,False,False,False,True,False
27.0,1,13.8583,0,2,0,1,1.0,True,False,False,False,False,True,False,False,False
31.0,0,50.4958,0,1,1,0,0.0,False,False,True,False,False,False,True,False,False
30.0,0,9.5,0,3,1,0,0.0,False,False,True,False,False,False,True,False,False
4.0,2,11.1333,1,3,1,1,1.0,False,False,True,False,True,False,False,False,False
26.0,0,7.8958,0,3,1,0,0.0,False,False,True,False,False,False,True,False,False
47.0,2,52.5542,1,1,0,1,1.0,False,False,True,False,False,False,False,True,False
33.0,0,5.0,0,1,1,0,0.0,False,False,True,False,False,False,True,False,False
47.0,0,9.0,0,3,1,0,0.0,False,False,True,False,False,False,True,False,False
28.0,1,24.0,0,2,0,1,1.0,True,False,False,False,False,False,False,True,False
15.0,0,7.225,0,3,0,0,1.0,True,False,False,False,False,True,False,False,False
20.0,0,9.8458,0,3,1,0,0.0,False,False,True,False,False,False,True,False,False
19.0,0,7.8958,0,3,1,0,0.0,False,False,True,False,False,False,True,False,False
30.0,0,7.8958,0,3,1,0,0.0,False,False,True,False,False,False,True,False,False
56.0,1,83.1583,1,1,0,0,1.0,True,False,False,False,False,False,False,True,False
25.0,1,26.0,1,2,0,0,1.0,False,False,True,False,False,False,False,True,False
33.0,0,7.8958,0,3,1,0,0.0,False,False,True,False,False,False,True,False,False
22.0,0,10.5167,0,3,0,0,0.0,False,False,True,False,False,True,False,False,False
28.0,0,10.5,0,2,1,0,0.0,False,False,True,False,False,False,True,False,False
25.0,0,7.05,0,3,1,0,0.0,False,False,True,False,False,False,True,False,False
39.0,5,29.125,5,3,0,0,0.0,False,True,False,False,False,False,False,True,False
27.0,0,13.0,0,2,1,0,0.0,False,False,True,False,False,False,False,False,True
19.0,0,30.0,0,1,0,0,1.0,False,False,True,False,False,True,False,False,False
22.0,3,23.45,2,3,0,1,0.0,False,False,True,False,False,True,False,False,False
26.0,0,30.0,0,1,1,0,1.0,True,False,False,False,False,False,True,False,False
32.0,0,7.75,0,3,1,0,0.0,False,True,False,False,False,False,True,False,False
34.5,0,7.8292,0,3,1,0,,False,True,False,False,False,False,True,False,False
47.0,1,7.0,0,3,0,1,,False,False,True,False,False,False,False,True,False
62.0,0,9.6875,0,2,1,0,,False,True,False,False,False,False,True,False,False
27.0,0,8.6625,0,3,1,0,,False,False,True,False,False,False,True,False,False
22.0,2,12.2875,1,3,0,1,,False,False,True,False,False,False,False,True,False
14.0,0,9.225,0,3,1,0,,False,False,True,False,False,False,True,False,False
30.0,0,7.6292,0,3,0,0,,False,True,False,False,False,True,False,False,False
26.0,2,29.0,1,2,1,1,,False,False,True,False,False,False,True,False,False
18.0,0,7.2292,0,3,0,0,,True,False,False,False,False,False,False,True,False
21.0,2,24.15,0,3,1,2,,False,False,True,False,False,False,True,False,False
30.0,0,7.8958,0,3,1,0,,False,False,True,False,False,False,True,False,False
46.0,0,26.0,0,1,1,0,,False,False,True,False,False,False,True,False,False
23.0,1,82.2667,0,1,0,1,,False,False,True,False,False,False,False,True,False
63.0,1,26.0,0,2,1,1,,False,False,True,False,False,False,True,False,False
47.0,1,61.175,0,1,0,1,,False,False,True,False,False,False,False,True,False
24.0,1,27.7208,0,2,0,1,,True,False,False,False,False,False,False,True,False
35.0,0,12.35,0,2,1,0,,False,True,False,False,False,False,True,False,False
21.0,0,7.225,0,3,1,0,,True,False,False,False,False,False,True,False,False
27.0,1,7.925,0,3,0,1,,False,False,True,False,False,True,False,False,False
45.0,0,7.225,0,3,0,0,,True,False,False,False,False,False,False,True,False
55.0,1,59.4,0,1,1,1,,True,False,False,False,False,False,True,False,False
9.0,1,3.1708,1,3,1,0,,False,False,True,False,True,False,False,False,False
35.5,0,31.6833,0,1,0,0,,False,False,True,False,False,False,False,True,False
21.0,1,61.3792,1,1,1,0,,True,False,False,False,False,False,True,False,False
48.0,4,262.375,3,1,0,1,,True,False,False,False,False,False,False,True,False
50.0,1,14.5,0,3,1,1,,False,False,True,False,False,False,True,False,False
22.0,1,61.9792,1,1,0,0,,True,False,False,False,False,True,False,False,False
22.5,0,7.225,0,3,1,0,,True,False,False,False,False,False,True,False,False
41.0,0,30.5,0,1,1,0,,False,False,True,False,False,False,True,False,False
30.0,2,21.6792,0,3,1,2,,True,False,False,False,False,False,True,False,False
50.0,1,26.0,0,2,1,1,,False,False,True,False,False,False,True,False,False
24.0,2,31.5,0,2,1,2,,False,False,True,False,False,False,True,False,False
33.0,3,20.575,2,3,0,1,,False,False,True,False,False,False,False,True,False
35.5,3,23.45,2,3,0,1,,False,False,True,False,False,False,False,True,False
30.0,1,57.75,0,1,1,1,,True,False,False,False,False,False,True,False,False
18.5,0,7.2292,0,3,1,0,,True,False,False,False,False,False,True,False,False
22.0,0,8.05,0,3,0,0,,False,False,True,False,False,True,False,False,False
21.0,0,8.6625,0,3,0,0,,False,False,True,False,False,True,False,False,False
25.0,0,9.5,0,3,1,0,,False,False,True,False,False,False,True,False,False
30.0,0,56.4958,0,3,1,0,,False,False,True,False,False,False,True,False,False
39.0,1,13.4167,1,3,1,0,,True,False,False,False,False,False,True,False,False
30.0,0,26.55,0,1,1,0,,False,False,True,False,False,False,True,False,False
41.0,0,7.85,0,3,1,0,,False,False,True,False,False,False,True,False,False
30.0,0,13.0,0,2,0,0,,False,False,True,False,False,False,False,True,False
45.0,1,52.5542,0,1,0,1,,False,False,True,False,False,False,False,True,False
25.0,0,7.925,0,3,1,0,,False,False,True,False,False,False,True,False,False
45.0,0,29.7,0,1,1,0,,True,False,False,False,False,False,True,False,False
30.0,0,7.75,0,3,1,0,,False,True,False,False,False,False,True,False,False
60.0,0,76.2917,0,1,0,0,,True,False,False,False,False,False,False,True,False
36.0,2,15.9,2,3,0,0,,False,False,True,False,False,False,False,True,False
24.0,1,60.0,0,1,1,1,,False,False,True,False,False,False,True,False,False
27.0,0,15.0333,0,2,1,0,,True,False,False,False,False,False,True,False,False
20.0,3,23.0,1,2,0,2,,False,False,True,False,False,True,False,False,False
28.0,5,263.0,2,1,0,3,,False,False,True,False,False,True,False,False,False
30.0,0,15.5792,0,2,1,0,,True,False,False,False,False,False,True,False,False
10.0,5,29.125,1,3,1,4,,False,True,False,False,True,False,False,False,False
35.0,0,7.8958,0,3,1,0,,False,False,True,False,False,False,True,False,False
25.0,0,7.65,0,3,1,0,,False,False,True,False,False,False,True,False,False
30.0,1,16.1,0,3,1,1,,False,False,True,False,False,False,True,False,False
36.0,0,262.375,0,1,0,0,,True,False,False,False,False,True,False,False,False
17.0,0,7.8958,0,3,1,0,,False,False,True,False,False,False,True,False,False
32.0,0,13.5,0,2,1,0,,False,False,True,False,False,False,True,False,False
18.0,0,7.75,0,3,1,0,,False,False,True,False,False,False,True,False,False
22.0,0,7.725,0,3,0,0,,False,True,False,False,False,True,False,False,False
13.0,4,262.375,2,1,1,2,,True,False,False,False,True,False,False,False,False
35.5,0,21.0,0,2,0,0,,False,False,True,False,False,False,False,True,False
18.0,0,7.8792,0,3,0,0,,False,True,False,False,False,True,False,False,False
47.0,0,42.4,0,1,1,0,,False,False,True,False,False,False,True,False,False
31.0,0,28.5375,0,1,1,0,,True,False,False,False,False,False,True,False,False
60.0,5,263.0,4,1,0,1,,False,False,True,False,False,False,False,True,False
24.0,0,7.75,0,3,0,0,,False,True,False,False,False,True,False,False,False
21.0,0,7.8958,0,3,1,0,,False,False,True,False,False,False,True,False,False
29.0,0,7.925,0,3,0,0,,False,False,True,False,False,True,False,False,False
28.5,0,27.7208,0,1,1,0,,True,False,False,False,False,False,True,False,False
35.0,0,211.5,0,1,0,0,,True,False,False,False,False,True,False,False,False
32.5,0,211.5,0,1,1,0,,True,False,False,False,False,False,True,False,False
30.0,0,8.05,0,3,1,0,,False,False,True,False,False,False,True,False,False
55.0,2,25.7,0,1,0,2,,False,False,True,False,False,False,False,True,False
30.0,0,13.0,0,2,1,0,,False,False,True,False,False,False,True,False,False
24.0,0,7.75,0,3,0,0,,False,True,False,False,False,True,False,False,False
6.0,2,15.2458,1,3,1,1,,True,False,False,False,True,False,False,False,False
67.0,1,221.7792,0,1,1,1,,False,False,True,False,False,False,True,False,False
49.0,0,26.0,0,1,1,0,,False,False,True,False,False,False,True,False,False
30.0,0,7.8958,0,3,1,0,,False,False,True,False,False,False,True,False,False
30.0,0,10.7083,0,2,1,0,,False,True,False,False,False,False,True,False,False
30.0,1,14.4542,0,3,1,1,,True,False,False,False,False,False,True,False,False
27.0,0,7.8792,0,3,0,0,,False,True,False,False,False,True,False,False,False
18.0,0,8.05,0,3,0,0,,False,False,True,False,False,True,False,False,False
22.0,0,7.75,0,3,0,0,,False,True,False,False,False,True,False,False,False
2.0,2,23.0,1,2,1,1,,False,False,True,False,True,False,False,False,False
22.0,1,13.9,0,3,0,1,,False,False,True,False,False,False,False,True,False
30.0,0,7.775,0,3,1,0,,False,False,True,False,False,False,True,False,False
27.0,3,52.0,2,1,0,1,,False,False,True,False,False,False,False,True,False
30.0,0,8.05,0,3,1,0,,False,False,True,False,False,False,True,False,False
25.0,0,26.0,0,1,1,0,,True,False,False,False,False,False,True,False,False
25.0,0,7.7958,0,3,1,0,,False,False,True,False,False,False,True,False,False
76.0,1,78.85,0,1,0,1,,False,False,True,False,False,False,False,True,False
29.0,0,7.925,0,3,1,0,,False,False,True,False,False,False,True,False,False
20.0,0,7.8542,0,3,0,0,,False,False,True,False,False,True,False,False,False
33.0,0,8.05,0,3,1,0,,False,False,True,False,False,False,True,False,False
43.0,1,55.4417,0,1,0,1,,True,False,False,False,False,False,False,True,False
27.0,1,26.0,0,2,1,1,,False,False,True,False,False,False,True,False,False
30.0,0,7.75,0,3,1,0,,False,True,False,False,False,False,True,False,False
26.0,0,7.775,0,3,1,0,,False,False,True,False,False,False,True,False,False
16.0,2,8.5167,1,3,0,1,,True,False,False,False,False,False,False,True,False
28.0,0,22.525,0,3,1,0,,False,False,True,False,False,False,True,False,False
21.0,0,7.8208,0,3,1,0,,False,True,False,False,False,False,True,False,False
30.0,0,7.75,0,3,1,0,,False,True,False,False,False,False,True,False,False
30.0,0,8.7125,0,3,1,0,,False,False,True,False,False,False,True,False,False
18.5,0,13.0,0,2,1,0,,False,False,True,False,False,False,True,False,False
41.0,0,15.0458,0,2,1,0,,True,False,False,False,False,False,True,False,False
22.0,0,7.7792,0,3,0,0,,False,True,False,False,False,True,False,False,False
36.0,0,31.6792,0,1,0,0,,True,False,False,False,False,True,False,False,False
18.5,0,7.2833,0,3,0,0,,False,True,False,False,False,True,False,False,False
63.0,1,221.7792,0,1,0,1,,False,False,True,False,False,False,False,True,False
18.0,1,14.4542,0,3,1,1,,True,False,False,False,False,False,True,False,False
30.0,0,6.4375,0,3,1,0,,True,False,False,False,False,False,True,False,False
1.0,2,16.7,1,3,0,1,,False,False,True,False,False,True,False,False,False
36.0,0,75.2417,0,1,1,0,,True,False,False,False,False,False,True,False,False
29.0,1,26.0,0,2,0,1,,False,False,True,False,False,False,False,True,False
12.0,0,15.75,0,2,0,0,,False,False,True,False,False,True,False,False,False
30.0,1,7.75,0,3,1,1,,False,True,False,False,False,False,True,False,False
35.0,1,57.75,0,1,0,1,,True,False,False,False,False,False,False,True,False
28.0,0,7.25,0,3,1,0,,False,False,True,False,False,False,True,False,False
30.0,0,7.75,0,3,1,0,,False,True,False,False,False,False,True,False,False
17.0,1,16.1,1,3,0,0,,False,False,True,False,False,True,False,False,False
22.0,0,7.7958,0,3,1,0,,False,False,True,False,False,False,True,False,False
22.0,2,23.25,0,3,0,2,,False,True,False,False,False,True,False,False,False
42.0,0,13.0,0,2,1,0,,False,False,True,False,False,False,True,False,False
24.0,0,8.05,0,3,1,0,,False,False,True,False,False,False,True,False,False
32.0,0,8.05,0,3,1,0,,False,False,True,False,False,False,True,False,False
53.0,0,28.5,0,1,1,0,,True,False,False,False,False,False,True,False,False
35.5,4,25.4667,4,3,0,0,,False,False,True,False,False,False,False,True,False
30.0,1,6.4375,0,3,1,1,,True,False,False,False,False,False,True,False,False
43.0,0,7.8958,0,3,1,0,,False,False,True,False,False,False,True,False,False
24.0,0,7.8542,0,3,1,0,,False,False,True,False,False,False,True,False,False
26.5,0,7.225,0,3,1,0,,True,False,False,False,False,False,True,False,False
26.0,0,13.0,0,2,1,0,,False,False,True,False,False,False,True,False,False
23.0,0,8.05,0,3,0,0,,False,False,True,False,False,True,False,False,False
40.0,7,46.9,6,3,1,1,,False,False,True,False,False,False,True,False,False
10.0,7,46.9,2,3,0,5,,False,False,True,False,False,True,False,False,False
33.0,0,151.55,0,1,0,0,,False,False,True,False,False,True,False,False,False
61.0,4,262.375,3,1,1,1,,True,False,False,False,False,False,True,False,False
28.0,0,26.0,0,2,1,0,,False,False,True,False,False,False,True,False,False
42.0,0,26.55,0,1,1,0,,False,False,True,False,False,False,True,False,False
31.0,3,18.0,0,3,1,3,,False,False,True,False,False,False,True,False,False
30.0,0,51.8625,0,1,1,0,,False,False,True,False,False,False,True,False,False
22.0,0,8.05,0,3,1,0,,False,False,True,False,False,False,True,False,False
30.0,0,26.55,0,1,1,0,,False,False,True,False,False,False,True,False,False
30.0,2,26.0,1,2,1,1,,False,False,True,False,False,False,False,False,True
23.0,1,83.1583,1,1,0,0,,True,False,False,False,False,False,False,True,False
30.0,0,7.8958,0,3,1,0,,True,False,False,False,False,False,True,False,False
60.5,0,8.05,0,3,1,0,,False,False,True,False,False,False,True,False,False
36.0,2,12.1833,2,3,0,0,,False,False,True,False,False,False,False,True,False
13.0,6,31.3875,2,3,1,4,,False,False,True,False,True,False,False,False,False
24.0,0,7.55,0,3,1,0,,False,False,True,False,False,False,True,False,False
29.0,0,221.7792,0,1,0,0,,False,False,True,False,False,True,False,False,False
23.0,0,7.8542,0,3,0,0,,False,False,True,False,False,True,False,False,False
42.0,0,26.55,0,1,1,0,,False,False,True,False,False,False,True,False,False
26.0,2,13.775,2,3,0,0,,False,False,True,False,False,False,False,True,False
22.0,0,7.7333,0,3,0,0,,False,True,False,False,False,True,False,False,False
7.0,2,15.2458,1,3,1,1,,True,False,False,False,True,False,False,False,False
26.0,0,13.5,0,2,0,0,,False,False,True,False,False,True,False,False,False
30.0,0,7.0,0,3,1,0,,False,False,True,False,False,False,True,False,False
41.0,0,13.0,0,2,1,0,,False,False,True,False,False,False,False,False,True
26.0,2,22.025,1,3,0,1,,False,False,True,False,False,False,False,True,False
48.0,0,50.4958,0,1,1,0,,True,False,False,False,False,False,True,False,False
18.0,4,34.375,2,3,1,2,,False,False,True,False,False,False,True,False,False
35.5,0,27.7208,0,1,0,0,,True,False,False,False,False,False,False,True,False
22.0,0,8.9625,0,3,0,0,,False,False,True,False,False,True,False,False,False
30.0,0,7.55,0,3,1,0,,False,False,True,False,False,False,True,False,False
27.0,0,7.225,0,3,1,0,,True,False,False,False,False,False,True,False,False
23.0,1,13.9,0,3,1,1,,False,False,True,False,False,False,True,False,False
30.0,0,7.2292,0,3,1,0,,True,False,False,False,False,False,True,False,False
40.0,6,31.3875,5,3,1,1,,False,False,True,False,False,False,True,False,False
15.0,2,39.0,2,2,0,0,,False,False,True,False,False,True,False,False,False
20.0,0,36.75,0,2,0,0,,False,False,True,False,False,True,False,False,False
54.0,1,55.4417,0,1,1,1,,True,False,False,False,False,False,True,False,False
36.0,3,39.0,3,2,0,0,,False,False,True,False,False,False,False,True,False
64.0,2,83.1583,2,1,0,0,,True,False,False,False,False,False,False,True,False
30.0,0,13.0,0,2,1,0,,False,False,True,False,False,False,True,False,False
37.0,2,83.1583,1,1,1,1,,True,False,False,False,False,False,True,False,False
18.0,1,53.1,0,1,0,1,,False,False,True,False,False,False,False,True,False
30.0,0,7.75,0,3,1,0,,False,True,False,False,False,False,True,False,False
27.0,2,247.5208,1,1,0,1,,True,False,False,False,False,False,False,True,False
40.0,0,16.0,0,2,1,0,,False,False,True,False,False,False,True,False,False
21.0,1,21.0,1,2,0,0,,False,False,True,False,False,True,False,False,False
17.0,2,8.05,0,3,1,2,,False,False,True,False,False,False,True,False,False
22.0,10,69.55,2,3,0,8,,False,False,True,False,False,True,False,False,False
40.0,0,13.0,0,2,1,0,,False,False,True,False,False,False,True,False,False
34.0,1,26.0,0,2,1,1,,False,False,True,False,False,False,True,False,False
30.0,0,26.0,0,1,1,0,,False,False,True,False,False,False,True,False,False
11.5,2,14.5,1,3,1,1,,False,False,True,False,True,False,False,False,False
61.0,0,12.35,0,2,1,0,,False,True,False,False,False,False,True,False,False
8.0,2,32.5,2,2,1,0,,False,False,True,False,True,False,False,False,False
33.0,0,7.8542,0,3,1,0,,False,False,True,False,False,False,True,False,False
6.0,2,134.5,2,1,1,0,,True,False,False,False,True,False,False,False,False
18.0,0,7.775,0,3,0,0,,False,False,True,False,False,True,False,False,False
23.0,0,10.5,0,2,1,0,,False,False,True,False,False,False,True,False,False
35.5,0,8.1125,0,3,0,0,,False,False,True,False,False,False,False,True,False
22.0,0,15.5,0,3,0,0,,False,True,False,False,False,True,False,False,False
0.33,2,14.4,2,3,1,0,,False,False,True,False,True,False,False,False,False
47.0,1,227.525,0,1,1,1,,True,False,False,False,False,False,True,False,False
8.0,2,26.0,1,2,0,1,,False,False,True,False,False,True,False,False,False
25.0,0,10.5,0,2,1,0,,False,False,True,False,False,False,True,False,False
30.0,0,25.7417,0,1,1,0,,True,False,False,False,False,False,True,False,False
35.0,0,7.75,0,3,0,0,,False,True,False,False,False,True,False,False,False
24.0,0,10.5,0,2,1,0,,False,False,True,False,False,False,True,False,False
33.0,0,27.7208,0,1,0,0,,True,False,False,False,False,True,False,False,False
25.0,0,7.8958,0,3,1,0,,False,False,True,False,False,False,True,False,False
32.0,0,22.525,0,3,1,0,,False,False,True,False,False,False,True,False,False
30.0,0,7.05,0,3,1,0,,False,False,True,False,False,False,True,False,False
17.0,0,73.5,0,2,1,0,,False,False,True,False,False,False,True,False,False
60.0,1,26.0,0,2,0,1,,False,False,True,False,False,False,False,True,False
38.0,6,7.775,2,3,0,4,,False,False,True,False,False,True,False,False,False
42.0,0,42.5,0,1,1,0,,False,False,True,False,False,False,True,False,False
22.0,0,7.8792,0,3,0,0,,False,True,False,False,False,True,False,False,False
57.0,2,164.8667,1,1,1,1,,False,False,True,False,False,False,True,False,False
50.0,2,211.5,1,1,0,1,,True,False,False,False,False,False,False,True,False
30.0,0,8.05,0,3,1,0,,False,False,True,False,False,False,True,False,False
30.0,1,13.8583,0,2,0,1,,True,False,False,False,False,True,False,False,False
21.0,0,8.05,0,3,1,0,,False,False,True,False,False,False,True,False,False
22.0,0,10.5,0,2,0,0,,False,False,True,False,False,False,False,True,False
21.0,0,7.7958,0,3,1,0,,False,False,True,False,False,False,True,False,False
53.0,0,27.4458,0,1,0,0,,True,False,False,False,False,False,False,True,False
35.5,2,15.2458,2,3,0,0,,True,False,False,False,False,False,False,True,False
23.0,0,7.7958,0,3,1,0,,False,False,True,False,False,False,True,False,False
22.0,0,7.75,0,3,0,0,,False,True,False,False,False,True,False,False,False
40.5,0,15.1,0,3,1,0,,False,False,True,False,False,False,True,False,False
36.0,0,13.0,0,2,1,0,,False,False,True,False,False,False,True,False,False
14.0,0,65.0,0,2,1,0,,False,False,True,False,False,False,True,False,False
21.0,0,26.55,0,1,0,0,,False,False,True,False,False,True,False,False,False
21.0,1,6.4958,0,3,1,1,,False,False,True,False,False,False,True,False,False
30.0,0,7.8792,0,3,1,0,,False,True,False,False,False,False,True,False,False
39.0,1,71.2833,0,1,1,1,,True,False,False,False,False,False,True,False,False
20.0,0,7.8542,0,3,1,0,,False,False,True,False,False,False,True,False,False
64.0,1,75.25,0,1,1,1,,True,False,False,False,False,False,True,False,False
20.0,0,7.225,0,3,1,0,,True,False,False,False,False,False,True,False,False
18.0,2,13.0,1,2,0,1,,False,False,True,False,False,True,False,False,False
48.0,1,106.425,0,1,0,1,,True,False,False,False,False,False,False,True,False
55.0,0,27.7208,0,1,0,0,,True,False,False,False,False,False,False,True,False
45.0,2,30.0,2,2,0,0,,False,False,True,False,False,False,False,True,False
45.0,2,134.5,1,1,1,1,,True,False,False,False,False,False,True,False,False
30.0,0,7.8875,0,3,1,0,,False,False,True,False,False,False,True,False,False
4.0,3,23.45,2,3,1,1,,False,False,True,False,True,False,False,False,False
41.0,1,51.8625,0,1,1,1,,False,False,True,False,False,False,True,False,False
22.0,0,21.0,0,2,0,0,,False,False,True,False,False,False,False,True,False
42.0,2,32.5,1,2,1,1,,False,False,True,False,False,False,True,False,False
29.0,1,26.0,0,2,0,1,,False,False,True,False,False,False,False,True,False
35.5,1,14.4542,0,3,0,1,,True,False,False,False,False,False,False,True,False
0.92,3,27.75,2,2,0,1,,False,False,True,False,False,True,False,False,False
20.0,0,7.925,0,3,1,0,,False,False,True,False,False,False,True,False,False
27.0,1,136.7792,0,1,1,1,,True,False,False,False,False,False,True,False,False
24.0,0,9.325,0,3,1,0,,False,False,True,False,False,False,True,False,False
32.5,0,9.5,0,3,1,0,,False,False,True,False,False,False,True,False,False
30.0,0,7.55,0,3,1,0,,False,False,True,False,False,False,True,False,False
30.0,0,7.75,0,3,1,0,,False,True,False,False,False,False,True,False,False
28.0,0,8.05,0,3,1,0,,False,False,True,False,False,False,True,False,False
19.0,0,13.0,0,2,0,0,,False,False,True,False,False,True,False,False,False
21.0,0,7.775,0,3,1,0,,False,False,True,False,False,False,True,False,False
36.5,1,17.4,0,3,1,1,,False,False,True,False,False,False,True,False,False
21.0,0,7.8542,0,3,1,0,,False,False,True,False,False,False,True,False,False
29.0,2,23.0,2,2,0,0,,False,False,True,False,False,False,False,True,False
1.0,2,12.1833,1,3,0,1,,False,False,True,False,False,True,False,False,False
30.0,0,12.7375,0,2,1,0,,True,False,False,False,False,False,True,False,False
30.0,0,7.8958,0,3,1,0,,False,False,True,False,False,False,True,False,False
30.0,0,0.0,0,1,1,0,,False,False,True,False,False,False,True,False,False
30.0,0,7.55,0,3,1,0,,False,False,True,False,False,False,True,False,False
22.0,0,8.05,0,3,0,0,,False,False,True,False,False,True,False,False,False
17.0,0,8.6625,0,3,1,0,,False,False,True,False,False,False,True,False,False
46.0,0,75.2417,0,1,1,0,,True,False,False,False,False,False,True,False,False
30.0,0,7.75,0,3,1,0,,False,True,False,False,False,False,True,False,False
26.0,1,136.7792,0,1,0,1,,True,False,False,False,False,False,False,True,False
22.0,1,15.5,0,3,0,1,,False,True,False,False,False,True,False,False,False
30.0,0,7.225,0,3,1,0,,True,False,False,False,False,False,True,False,False
20.0,1,26.0,0,2,0,1,,False,False,True,False,False,True,False,False,False
28.0,0,10.5,0,2,1,0,,False,False,True,False,False,False,True,False,False
40.0,1,26.0,0,2,1,1,,False,False,True,False,False,False,True,False,False
30.0,1,21.0,0,2,1,1,,False,False,True,False,False,False,True,False,False
22.0,0,10.5,0,2,1,0,,False,False,True,False,False,False,True,False,False
23.0,0,8.6625,0,3,0,0,,False,False,True,False,False,True,False,False,False
0.75,2,13.775,1,3,1,1,,False,False,True,False,True,False,False,False,False
22.0,0,7.75,0,3,0,0,,False,True,False,False,False,True,False,False,False
9.0,2,15.2458,1,3,0,1,,True,False,False,False,False,True,False,False,False
2.0,2,20.2125,1,3,0,1,,False,False,True,False,False,True,False,False,False
36.0,0,7.25,0,3,1,0,,False,False,True,False,False,False,True,False,False
30.0,0,7.25,0,3,1,0,,False,False,True,False,False,False,True,False,False
24.0,1,82.2667,0,1,1,1,,False,False,True,False,False,False,True,False,False
30.0,0,7.2292,0,3,1,0,,True,False,False,False,False,False,True,False,False
30.0,0,8.05,0,3,1,0,,False,False,True,False,False,False,True,False,False
30.0,0,39.6,0,1,1,0,,False,False,True,False,False,False,True,False,False
30.0,0,6.95,0,3,0,0,,False,True,False,False,False,True,False,False,False
30.0,0,7.2292,0,3,1,0,,True,False,False,False,False,False,True,False,False
53.0,2,81.8583,1,1,1,1,,False,False,True,True,False,False,False,False,False
36.0,0,9.5,0,3,1,0,,False,False,True,False,False,False,True,False,False
26.0,0,7.8958,0,3,1,0,,False,False,True,False,False,False,True,False,False
1.0,3,41.5792,2,2,0,1,,True,False,False,False,False,True,False,False,False
30.0,2,21.6792,0,3,1,2,,True,False,False,False,False,False,True,False,False
30.0,0,45.5,0,1,1,0,,False,False,True,False,False,False,True,False,False
29.0,0,7.8542,0,3,1,0,,False,False,True,False,False,False,True,False,False
32.0,0,7.775,0,3,1,0,,False,False,True,False,False,False,True,False,False
30.0,0,15.0458,0,2,1,0,,True,False,False,False,False,False,True,False,False
43.0,1,21.0,1,2,1,0,,False,False,True,False,False,False,True,False,False
24.0,0,8.6625,0,3,1,0,,False,False,True,False,False,False,True,False,False
22.0,0,7.75,0,3,0,0,,False,True,False,False,False,True,False,False,False
64.0,2,26.55,1,1,0,1,,False,False,True,False,False,False,False,True,False
30.0,3,151.55,2,1,1,1,,False,False,True,False,False,False,True,False,False
0.83,1,9.35,1,3,1,0,,False,False,True,False,True,False,False,False,False
55.0,2,93.5,1,1,1,1,,False,False,True,False,False,False,True,False,False
45.0,1,14.1083,0,3,0,1,,False,False,True,False,False,False,False,True,False
18.0,0,8.6625,0,3,1,0,,False,False,True,False,False,False,True,False,False
22.0,0,7.225,0,3,1,0,,True,False,False,False,False,False,True,False,False
30.0,0,7.575,0,3,1,0,,False,False,True,False,False,False,True,False,False
37.0,0,7.75,0,3,0,0,,False,True,False,False,False,True,False,False,False
55.0,0,135.6333,0,1,0,0,,True,False,False,False,False,False,False,True,False
17.0,0,7.7333,0,3,0,0,,False,True,False,False,False,True,False,False,False
57.0,1,146.5208,0,1,1,1,,True,False,False,False,False,False,True,False,False
19.0,0,10.5,0,2,1,0,,False,False,True,False,False,False,True,False,False
27.0,0,7.8542,0,3,1,0,,False,False,True,False,False,False,True,False,False
22.0,2,31.5,0,2,1,2,,False,False,True,False,False,False,True,False,False
26.0,0,7.775,0,3,1,0,,False,False,True,False,False,False,True,False,False
25.0,0,7.2292,0,3,1,0,,True,False,False,False,False,False,True,False,False
26.0,0,13.0,0,2,1,0,,False,False,True,False,False,False,True,False,False
33.0,0,26.55,0,1,1,0,,False,False,True,False,False,False,True,False,False
39.0,0,211.3375,0,1,0,0,,False,False,True,False,False,True,False,False,False
23.0,0,7.05,0,3,1,0,,False,False,True,False,False,False,True,False,False
12.0,3,39.0,1,2,0,2,,False,False,True,False,False,True,False,False,False
46.0,0,79.2,0,1,1,0,,True,False,False,False,False,False,True,False,False
29.0,1,26.0,0,2,1,1,,False,False,True,False,False,False,True,False,False
21.0,0,13.0,0,2,1,0,,False,False,True,False,False,False,True,False,False
48.0,2,36.75,2,2,0,0,,False,False,True,False,False,False,False,True,False
39.0,0,29.7,0,1,1,0,,True,False,False,False,False,False,True,False,False
30.0,0,7.225,0,3,1,0,,True,False,False,False,False,False,True,False,False
19.0,2,15.7417,1,3,0,1,,True,False,False,False,False,False,False,True,False
27.0,0,7.8958,0,3,1,0,,False,False,True,False,False,False,True,False,False
30.0,0,26.0,0,1,1,0,,False,False,True,False,False,False,True,False,False
32.0,0,13.0,0,2,1,0,,False,False,True,False,False,False,True,False,False
39.0,2,7.2292,2,3,1,0,,True,False,False,False,False,False,True,False,False
25.0,0,31.5,0,2,1,0,,False,False,True,False,False,False,True,False,False
4.0,0,7.2292,0,3,1,0,,True,False,False,False,True,False,False,False,False
18.0,0,10.5,0,2,1,0,,False,False,True,False,False,False,True,False,False
32.0,0,7.5792,0,3,1,0,,False,False,True,False,False,False,True,False,False
30.0,10,69.55,9,3,1,1,,False,False,True,False,False,False,True,False,False
58.0,1,512.3292,1,1,0,0,,True,False,False,False,False,False,False,True,False
4.0,2,14.5,1,3,1,1,,False,False,True,False,True,False,False,False,False
16.0,0,7.65,0,3,0,0,,False,False,True,False,False,True,False,False,False
26.0,0,13.0,0,2,1,0,,False,False,True,False,False,False,True,False,False
38.0,0,7.2292,0,3,0,0,,True,False,False,False,False,False,False,True,False
24.0,0,13.5,0,2,1,0,,False,False,True,False,False,False,True,False,False
31.0,0,21.0,0,2,0,0,,False,False,True,False,False,True,False,False,False
45.0,1,63.3583,1,1,0,0,,True,False,False,False,False,False,False,True,False
25.0,0,10.5,0,2,1,0,,False,False,True,False,False,False,True,False,False
18.0,0,73.5,0,2,1,0,,False,False,True,False,False,False,True,False,False
49.0,3,65.0,2,2,1,1,,False,False,True,False,False,False,True,False,False
0.17,3,20.575,2,3,0,1,,False,False,True,False,False,True,False,False,False
50.0,0,26.0,0,1,1,0,,False,False,True,False,False,False,True,False,False
59.0,2,51.4792,0,1,0,2,,False,False,True,False,False,False,False,True,False
30.0,0,7.8792,0,3,1,0,,False,False,True,False,False,False,True,False,False
30.0,0,7.75,0,3,1,0,,False,True,False,False,False,False,True,False,False
30.0,1,15.55,0,3,0,1,,False,False,True,False,False,False,False,True,False
14.5,10,69.55,2,3,1,8,,False,False,True,False,True,False,False,False,False
24.0,2,37.0042,1,2,0,1,,True,False,False,False,False,False,False,True,False
31.0,0,21.0,0,2,0,0,,False,False,True,False,False,False,False,True,False
27.0,0,8.6625,0,3,1,0,,False,False,True,False,False,False,True,False,False
25.0,1,55.4417,0,1,0,1,,True,False,False,False,False,False,False,True,False
35.5,10,69.55,9,3,0,1,,False,False,True,False,False,False,False,True,False
30.0,1,14.4583,0,3,1,1,,True,False,False,False,False,False,True,False,False
22.0,0,39.6875,0,3,0,0,,False,False,True,False,False,True,False,False,False
45.0,1,59.4,1,1,0,0,,True,False,False,False,False,False,False,True,False
29.0,0,13.8583,0,2,1,0,,True,False,False,False,False,False,True,False,False
21.0,1,11.5,0,2,1,1,,False,False,True,False,False,False,True,False,False
31.0,0,134.5,0,1,0,0,,True,False,False,False,False,True,False,False,False
49.0,0,0.0,0,1,1,0,,False,False,True,False,False,False,True,False,False
44.0,0,13.0,0,2,1,0,,False,False,True,False,False,False,True,False,False
54.0,2,81.8583,1,1,0,1,,False,False,True,False,False,False,False,True,False
45.0,0,262.375,0,1,0,0,,True,False,False,False,False,True,False,False,False
22.0,2,8.6625,0,3,0,2,,False,False,True,False,False,True,False,False,False
21.0,0,11.5,0,2,1,0,,False,False,True,False,False,False,True,False,False
55.0,0,50.0,0,1,1,0,,False,False,True,False,False,False,True,False,False
5.0,6,31.3875,2,3,1,4,,False,False,True,False,True,False,False,False,False
30.0,0,7.75,0,3,1,0,,False,True,False,False,False,False,True,False,False
26.0,0,7.8792,0,3,1,0,,False,True,False,False,False,False,True,False,False
35.5,0,14.5,0,3,0,0,,False,False,True,False,False,False,False,True,False
19.0,1,16.1,0,3,0,1,,False,False,True,False,False,False,False,True,False
30.0,0,12.875,0,2,1,0,,False,False,True,False,False,False,True,False,False
24.0,3,65.0,2,2,0,1,,False,False,True,False,False,True,False,False,False
24.0,0,7.775,0,3,1,0,,False,False,True,False,False,False,True,False,False
57.0,0,13.0,0,2,1,0,,False,False,True,False,False,False,True,False,False
21.0,0,7.75,0,3,1,0,,False,True,False,False,False,False,True,False,False
6.0,4,21.075,1,3,1,3,,False,False,True,False,True,False,False,False,False
23.0,0,93.5,0,1,1,0,,False,False,True,False,False,False,True,False,False
51.0,1,39.4,1,1,0,0,,False,False,True,False,False,False,False,True,False
13.0,2,20.25,2,3,1,0,,False,False,True,False,True,False,False,False,False
47.0,0,10.5,0,2,1,0,,False,False,True,False,False,False,True,False,False
29.0,4,22.025,1,3,1,3,,False,False,True,False,False,False,True,False,False
18.0,1,60.0,0,1,0,1,,False,False,True,False,False,False,False,True,False
24.0,0,7.25,0,3,1,0,,False,True,False,False,False,False,True,False,False
48.0,2,79.2,1,1,0,1,,True,False,False,False,False,False,False,True,False
22.0,0,7.775,0,3,1,0,,False,False,True,False,False,False,True,False,False
31.0,0,7.7333,0,3,1,0,,False,True,False,False,False,False,True,False,False
30.0,0,164.8667,0,1,0,0,,False,False,True,False,False,True,False,False,False
38.0,1,21.0,0,2,1,1,,False,False,True,False,False,False,True,False,False
22.0,1,59.4,1,1,0,0,,True,False,False,False,False,True,False,False,False
17.0,0,47.1,0,1,1,0,,False,False,True,False,False,False,True,False,False
43.0,1,27.7208,0,1,1,1,,True,False,False,False,False,False,True,False,False
20.0,0,13.8625,0,2,1,0,,True,False,False,False,False,False,True,False,False
23.0,1,10.5,0,2,1,1,,False,False,True,False,False,False,True,False,False
50.0,2,211.5,1,1,1,1,,True,False,False,False,False,False,True,False,False
22.0,0,7.7208,0,3,0,0,,False,True,False,False,False,True,False,False,False
3.0,2,13.775,1,3,0,1,,False,False,True,False,False,True,False,False,False
22.0,0,7.75,0,3,0,0,,False,True,False,False,False,True,False,False,False
37.0,1,90.0,0,1,0,1,,False,True,False,False,False,False,False,True,False
28.0,0,7.775,0,3,0,0,,False,False,True,False,False,True,False,False,False
30.0,0,8.05,0,3,1,0,,False,False,True,False,False,False,True,False,False
39.0,0,108.9,0,1,0,0,,True,False,False,False,False,False,False,True,False
38.5,0,7.25,0,3,1,0,,False,False,True,False,False,False,True,False,False
30.0,0,8.05,0,3,1,0,,False,False,True,False,False,False,True,False,False
4.0,2,22.3583,1,3,1,1,,True,False,False,False,True,False,False,False,False
